"/home/build/huzhaoyang/PaddleDetection/configs/cascade_rcnn/README.md,/home/build/huzhaoyang/PaddleDetection/configs/cascade_rcnn/cascade_mask_rcnn_r50_fpn_1x_coco.yml,https://paddledet.bj.bcebos.com/models/cascade_mask_rcnn_r50_fpn_1x_coco.pdparams",op mapper failed,NONE,NONE,NONE,NONE
"/home/build/huzhaoyang/PaddleDetection/configs/cascade_rcnn/README.md,/home/build/huzhaoyang/PaddleDetection/configs/cascade_rcnn/cascade_rcnn_r50_fpn_1x_coco.yml,https://paddledet.bj.bcebos.com/models/cascade_rcnn_r50_fpn_1x_coco.pdparams",op mapper failed,NONE,NONE,NONE,NONE
"/home/build/huzhaoyang/PaddleDetection/configs/dcn/README.md,/home/build/huzhaoyang/PaddleDetection/configs/dcn/cascade_rcnn_dcn_r50_fpn_1x_coco.yml,https://paddledet.bj.bcebos.com/models/cascade_rcnn_dcn_r50_fpn_1x_coco.pdparams",op mapper failed,NONE,NONE,NONE,NONE
"/home/build/huzhaoyang/PaddleDetection/configs/dcn/README.md,/home/build/huzhaoyang/PaddleDetection/configs/dcn/cascade_rcnn_dcn_x101_vd_64x4d_fpn_1x_coco.yml,https://paddledet.bj.bcebos.com/models/cascade_rcnn_dcn_x101_vd_64x4d_fpn_1x_coco.pdparams",op mapper failed,NONE,NONE,NONE,NONE
"/home/build/huzhaoyang/PaddleDetection/configs/dcn/README.md,/home/build/huzhaoyang/PaddleDetection/configs/dcn/faster_rcnn_dcn_r101_vd_fpn_1x_coco.yml,https://paddledet.bj.bcebos.com/models/faster_rcnn_dcn_r101_vd_fpn_1x_coco.pdparams",op mapper failed,NONE,NONE,NONE,NONE
"/home/build/huzhaoyang/PaddleDetection/configs/dcn/README.md,/home/build/huzhaoyang/PaddleDetection/configs/dcn/faster_rcnn_dcn_r50_fpn_1x_coco.yml,https://paddledet.bj.bcebos.com/models/faster_rcnn_dcn_r50_fpn_1x_coco.pdparams",op mapper failed,NONE,NONE,NONE,NONE
"/home/build/huzhaoyang/PaddleDetection/configs/dcn/README.md,/home/build/huzhaoyang/PaddleDetection/configs/dcn/faster_rcnn_dcn_r50_vd_fpn_1x_coco.yml,https://paddledet.bj.bcebos.com/models/faster_rcnn_dcn_r50_vd_fpn_1x_coco.pdparams",op mapper failed,NONE,NONE,NONE,NONE
"/home/build/huzhaoyang/PaddleDetection/configs/dcn/README.md,/home/build/huzhaoyang/PaddleDetection/configs/dcn/faster_rcnn_dcn_r50_vd_fpn_2x_coco.yml,https://paddledet.bj.bcebos.com/models/faster_rcnn_dcn_r50_vd_fpn_2x_coco.pdparams",op mapper failed,NONE,NONE,NONE,NONE
"/home/build/huzhaoyang/PaddleDetection/configs/dcn/README.md,/home/build/huzhaoyang/PaddleDetection/configs/dcn/faster_rcnn_dcn_x101_vd_64x4d_fpn_1x_coco.yml,https://paddledet.bj.bcebos.com/models/faster_rcnn_dcn_x101_vd_64x4d_fpn_1x_coco.pdparams",op mapper failed,NONE,NONE,NONE,NONE
"/home/build/huzhaoyang/PaddleDetection/configs/dcn/README.md,/home/build/huzhaoyang/PaddleDetection/configs/dcn/mask_rcnn_dcn_r101_vd_fpn_1x_coco.yml,https://paddledet.bj.bcebos.com/models/mask_rcnn_dcn_r101_vd_fpn_1x_coco.pdparams",op mapper failed,NONE,NONE,NONE,NONE
"/home/build/huzhaoyang/PaddleDetection/configs/dcn/README.md,/home/build/huzhaoyang/PaddleDetection/configs/dcn/mask_rcnn_dcn_r50_fpn_1x_coco.yml,https://paddledet.bj.bcebos.com/models/mask_rcnn_dcn_r50_fpn_1x_coco.pdparams",op mapper failed,NONE,NONE,NONE,NONE
"/home/build/huzhaoyang/PaddleDetection/configs/dcn/README.md,/home/build/huzhaoyang/PaddleDetection/configs/dcn/mask_rcnn_dcn_r50_vd_fpn_2x_coco.yml,https://paddledet.bj.bcebos.com/models/mask_rcnn_dcn_r50_vd_fpn_2x_coco.pdparams",op mapper failed,NONE,NONE,NONE,NONE
"/home/build/huzhaoyang/PaddleDetection/configs/dcn/README.md,/home/build/huzhaoyang/PaddleDetection/configs/dcn/mask_rcnn_dcn_x101_vd_64x4d_fpn_1x_coco.yml,https://paddledet.bj.bcebos.com/models/mask_rcnn_dcn_x101_vd_64x4d_fpn_1x_coco.pdparams",op mapper failed,NONE,NONE,NONE,NONE
"/home/build/huzhaoyang/PaddleDetection/configs/deformable_detr/README.md,/home/build/huzhaoyang/PaddleDetection/configs/deformable_detr/deformable_detr_r50_1x_coco.yml,https://paddledet.bj.bcebos.com/models/deformable_detr_r50_1x_coco.pdparams",op mapper failed,NONE,NONE,NONE,NONE
"/home/build/huzhaoyang/PaddleDetection/configs/detr/README.md,/home/build/huzhaoyang/PaddleDetection/configs/detr/detr_r50_1x_coco.yml,https://paddledet.bj.bcebos.com/models/detr_r50_1x_coco.pdparams",op mapper failed,NONE,NONE,NONE,NONE
"/home/build/huzhaoyang/PaddleDetection/configs/dota/README.md,/home/build/huzhaoyang/PaddleDetection/configs/dota/s2anet_alignconv_2x_dota.yml,https://paddledet.bj.bcebos.com/models/s2anet_alignconv_2x_dota.pdparams",op mapper failed,NONE,NONE,NONE,NONE
"/home/build/huzhaoyang/PaddleDetection/configs/dota/README.md,/home/build/huzhaoyang/PaddleDetection/configs/dota/s2anet_conv_2x_dota.yml,https://paddledet.bj.bcebos.com/models/s2anet_conv_2x_dota.pdparams",op mapper failed,NONE,NONE,NONE,NONE
"/home/build/huzhaoyang/PaddleDetection/configs/face_detection/README.md,/home/build/huzhaoyang/PaddleDetection/configs/face_detection/blazeface_1000e.yml,https://paddledet.bj.bcebos.com/models/blazeface_1000e.pdparams",all ops mapped,NONE,NONE,NONE,NONE
"/home/build/huzhaoyang/PaddleDetection/configs/face_detection/README.md,/home/build/huzhaoyang/PaddleDetection/configs/face_detection/blazeface_fpn_ssh_1000e.yml,https://paddledet.bj.bcebos.com/models/blazeface_fpn_ssh_1000e.pdparams",all ops mapped,NONE,NONE,NONE,NONE
"/home/build/huzhaoyang/PaddleDetection/configs/faster_rcnn/README.md,/home/build/huzhaoyang/PaddleDetection/configs/faster_rcnn/faster_rcnn_r101_1x_coco.yml,https://paddledet.bj.bcebos.com/models/faster_rcnn_r101_1x_coco.pdparams",op mapper failed,NONE,NONE,NONE,NONE
"/home/build/huzhaoyang/PaddleDetection/configs/faster_rcnn/README.md,/home/build/huzhaoyang/PaddleDetection/configs/faster_rcnn/faster_rcnn_r101_fpn_2x_coco.yml,https://paddledet.bj.bcebos.com/models/faster_rcnn_r101_fpn_2x_coco.pdparams",op mapper failed,NONE,NONE,NONE,NONE
"/home/build/huzhaoyang/PaddleDetection/configs/faster_rcnn/README.md,/home/build/huzhaoyang/PaddleDetection/configs/faster_rcnn/faster_rcnn_r101_vd_fpn_1x_coco.yml,https://paddledet.bj.bcebos.com/models/faster_rcnn_r101_vd_fpn_1x_coco.pdparams",op mapper failed,NONE,NONE,NONE,NONE
"/home/build/huzhaoyang/PaddleDetection/configs/faster_rcnn/README.md,/home/build/huzhaoyang/PaddleDetection/configs/faster_rcnn/faster_rcnn_r101_vd_fpn_2x_coco.yml,https://paddledet.bj.bcebos.com/models/faster_rcnn_r101_vd_fpn_2x_coco.pdparams",op mapper failed,NONE,NONE,NONE,NONE
"/home/build/huzhaoyang/PaddleDetection/configs/faster_rcnn/README.md,/home/build/huzhaoyang/PaddleDetection/configs/faster_rcnn/faster_rcnn_r34_fpn_1x_coco.yml,https://paddledet.bj.bcebos.com/models/faster_rcnn_r34_fpn_1x_coco.pdparams",op mapper failed,NONE,NONE,NONE,NONE
"/home/build/huzhaoyang/PaddleDetection/configs/faster_rcnn/README.md,/home/build/huzhaoyang/PaddleDetection/configs/faster_rcnn/faster_rcnn_r34_vd_fpn_1x_coco.yml,https://paddledet.bj.bcebos.com/models/faster_rcnn_r34_vd_fpn_1x_coco.pdparams",op mapper failed,NONE,NONE,NONE,NONE
"/home/build/huzhaoyang/PaddleDetection/configs/faster_rcnn/README.md,/home/build/huzhaoyang/PaddleDetection/configs/faster_rcnn/faster_rcnn_r50_1x_coco.yml,https://paddledet.bj.bcebos.com/models/faster_rcnn_r50_1x_coco.pdparams",op mapper failed,NONE,NONE,NONE,NONE
"/home/build/huzhaoyang/PaddleDetection/configs/faster_rcnn/README.md,/home/build/huzhaoyang/PaddleDetection/configs/faster_rcnn/faster_rcnn_r50_fpn_1x_coco.yml,https://paddledet.bj.bcebos.com/models/faster_rcnn_r50_fpn_1x_coco.pdparams",op mapper failed,NONE,NONE,NONE,NONE
"/home/build/huzhaoyang/PaddleDetection/configs/faster_rcnn/README.md,/home/build/huzhaoyang/PaddleDetection/configs/faster_rcnn/faster_rcnn_r50_fpn_2x_coco.yml,https://paddledet.bj.bcebos.com/models/faster_rcnn_r50_fpn_2x_coco.pdparams",op mapper failed,NONE,NONE,NONE,NONE
"/home/build/huzhaoyang/PaddleDetection/configs/faster_rcnn/README.md,/home/build/huzhaoyang/PaddleDetection/configs/faster_rcnn/faster_rcnn_r50_vd_1x_coco.yml,https://paddledet.bj.bcebos.com/models/faster_rcnn_r50_vd_1x_coco.pdparams",op mapper failed,NONE,NONE,NONE,NONE
"/home/build/huzhaoyang/PaddleDetection/configs/faster_rcnn/README.md,/home/build/huzhaoyang/PaddleDetection/configs/faster_rcnn/faster_rcnn_r50_vd_fpn_1x_coco.yml,https://paddledet.bj.bcebos.com/models/faster_rcnn_r50_vd_fpn_1x_coco.pdparams",op mapper failed,NONE,NONE,NONE,NONE
"/home/build/huzhaoyang/PaddleDetection/configs/faster_rcnn/README.md,/home/build/huzhaoyang/PaddleDetection/configs/faster_rcnn/faster_rcnn_r50_vd_fpn_2x_coco.yml,https://paddledet.bj.bcebos.com/models/faster_rcnn_r50_vd_fpn_2x_coco.pdparams",op mapper failed,NONE,NONE,NONE,NONE
"/home/build/huzhaoyang/PaddleDetection/configs/faster_rcnn/README.md,/home/build/huzhaoyang/PaddleDetection/configs/faster_rcnn/faster_rcnn_x101_vd_64x4d_fpn_1x_coco.yml,https://paddledet.bj.bcebos.com/models/faster_rcnn_x101_vd_64x4d_fpn_1x_coco.pdparams",op mapper failed,NONE,NONE,NONE,NONE
"/home/build/huzhaoyang/PaddleDetection/configs/faster_rcnn/README.md,/home/build/huzhaoyang/PaddleDetection/configs/faster_rcnn/faster_rcnn_x101_vd_64x4d_fpn_2x_coco.yml,https://paddledet.bj.bcebos.com/models/faster_rcnn_x101_vd_64x4d_fpn_2x_coco.pdparams",op mapper failed,NONE,NONE,NONE,NONE
"/home/build/huzhaoyang/PaddleDetection/configs/fcos/README.md,/home/build/huzhaoyang/PaddleDetection/configs/fcos/fcos_dcn_r50_fpn_1x_coco.yml,https://paddledet.bj.bcebos.com/models/fcos_dcn_r50_fpn_1x_coco.pdparams",op mapper failed,NONE,NONE,NONE,NONE
"/home/build/huzhaoyang/PaddleDetection/configs/fcos/README.md,/home/build/huzhaoyang/PaddleDetection/configs/fcos/fcos_r50_fpn_1x_coco.yml,https://paddledet.bj.bcebos.com/models/fcos_r50_fpn_1x_coco.pdparams",op mapper failed,NONE,NONE,NONE,NONE
"/home/build/huzhaoyang/PaddleDetection/configs/fcos/README.md,/home/build/huzhaoyang/PaddleDetection/configs/fcos/fcos_r50_fpn_multiscale_2x_coco.yml,https://paddledet.bj.bcebos.com/models/fcos_r50_fpn_multiscale_2x_coco.pdparams",op mapper failed,NONE,NONE,NONE,NONE
"/home/build/huzhaoyang/PaddleDetection/configs/gn/README.md,/home/build/huzhaoyang/PaddleDetection/configs/gn/cascade_mask_rcnn_r50_fpn_gn_2x_coco.yml,https://paddledet.bj.bcebos.com/models/cascade_mask_rcnn_r50_fpn_gn_2x_coco.pdparams",op mapper failed,NONE,NONE,NONE,NONE
"/home/build/huzhaoyang/PaddleDetection/configs/gn/README.md,/home/build/huzhaoyang/PaddleDetection/configs/gn/cascade_rcnn_r50_fpn_gn_2x_coco.yml,https://paddledet.bj.bcebos.com/models/cascade_rcnn_r50_fpn_gn_2x_coco.pdparams",op mapper failed,NONE,NONE,NONE,NONE
"/home/build/huzhaoyang/PaddleDetection/configs/gn/README.md,/home/build/huzhaoyang/PaddleDetection/configs/gn/faster_rcnn_r50_fpn_gn_2x_coco.yml,https://paddledet.bj.bcebos.com/models/faster_rcnn_r50_fpn_gn_2x_coco.pdparams",op mapper failed,NONE,NONE,NONE,NONE
"/home/build/huzhaoyang/PaddleDetection/configs/gn/README.md,/home/build/huzhaoyang/PaddleDetection/configs/gn/mask_rcnn_r50_fpn_gn_2x_coco.yml,https://paddledet.bj.bcebos.com/models/mask_rcnn_r50_fpn_gn_2x_coco.pdparams",op mapper failed,NONE,NONE,NONE,NONE
"/home/build/huzhaoyang/PaddleDetection/configs/hrnet/README.md,/home/build/huzhaoyang/PaddleDetection/configs/hrnet/faster_rcnn_hrnetv2p_w18_1x_coco.yml,https://paddledet.bj.bcebos.com/models/faster_rcnn_hrnetv2p_w18_1x_coco.pdparams",op mapper failed,NONE,NONE,NONE,NONE
"/home/build/huzhaoyang/PaddleDetection/configs/hrnet/README.md,/home/build/huzhaoyang/PaddleDetection/configs/hrnet/faster_rcnn_hrnetv2p_w18_2x_coco.yml,https://paddledet.bj.bcebos.com/models/faster_rcnn_hrnetv2p_w18_2x_coco.pdparams",op mapper failed,NONE,NONE,NONE,NONE
"/home/build/huzhaoyang/PaddleDetection/configs/keypoint/README.md,/home/build/huzhaoyang/PaddleDetection/configs/keypoint/higherhrnet/higherhrnet_hrnet_w32_512.yml,https://paddledet.bj.bcebos.com/models/keypoint/higherhrnet_hrnet_w32_512.pdparams",op mapper failed,807.87,534.20,NONE,NONE
"/home/build/huzhaoyang/PaddleDetection/configs/keypoint/README.md,/home/build/huzhaoyang/PaddleDetection/configs/keypoint/higherhrnet/higherhrnet_hrnet_w32_512_swahr.yml,https://paddledet.bj.bcebos.com/models/keypoint/higherhrnet_hrnet_w32_512_swahr.pdparams",op mapper failed,894.02,649.90,NONE,NONE
"/home/build/huzhaoyang/PaddleDetection/configs/keypoint/README.md,/home/build/huzhaoyang/PaddleDetection/configs/keypoint/higherhrnet/higherhrnet_hrnet_w32_640.yml,https://paddledet.bj.bcebos.com/models/keypoint/higherhrnet_hrnet_w32_640.pdparams",op mapper failed,1041.01,539.06,NONE,NONE
"/home/build/huzhaoyang/PaddleDetection/configs/keypoint/README.md,/home/build/huzhaoyang/PaddleDetection/configs/keypoint/hrnet/dark_hrnet_w32_256x192.yml,https://paddledet.bj.bcebos.com/models/keypoint/dark_hrnet_w32_256x192.pdparams",infer accuracy pass,369.49,252.25,84.91,72.06
"/home/build/huzhaoyang/PaddleDetection/configs/keypoint/README.md,/home/build/huzhaoyang/PaddleDetection/configs/keypoint/hrnet/dark_hrnet_w32_384x288.yml,https://paddledet.bj.bcebos.com/models/keypoint/dark_hrnet_w32_384x288.pdparams",openvino infered success,387.17,299.23,76.35,75.05
"/home/build/huzhaoyang/PaddleDetection/configs/keypoint/README.md,/home/build/huzhaoyang/PaddleDetection/configs/keypoint/hrnet/hrnet_w32_256x192.yml,https://paddledet.bj.bcebos.com/models/keypoint/hrnet_w32_256x192.pdparams",infer accuracy pass,570.22,260.58,75.87,71.85
"/home/build/huzhaoyang/PaddleDetection/configs/keypoint/README.md,/home/build/huzhaoyang/PaddleDetection/configs/keypoint/hrnet/hrnet_w32_256x256_mpii.yml,https://paddledet.bj.bcebos.com/models/keypoint/hrnet_w32_256x256_mpii.pdparams",infer accuracy pass,394.92,281.90,78.66,70.42
"/home/build/huzhaoyang/PaddleDetection/configs/keypoint/README.md,/home/build/huzhaoyang/PaddleDetection/configs/keypoint/hrnet/hrnet_w32_384x288.yml,https://paddledet.bj.bcebos.com/models/keypoint/hrnet_w32_384x288.pdparams",infer accuracy pass,478.17,318.11,82.97,71.88
"/home/build/huzhaoyang/PaddleDetection/configs/mask_rcnn/README.md,/home/build/huzhaoyang/PaddleDetection/configs/mask_rcnn/mask_rcnn_r101_fpn_1x_coco.yml,https://paddledet.bj.bcebos.com/models/mask_rcnn_r101_fpn_1x_coco.pdparams",op mapper failed,NONE,NONE,NONE,NONE
"/home/build/huzhaoyang/PaddleDetection/configs/mask_rcnn/README.md,/home/build/huzhaoyang/PaddleDetection/configs/mask_rcnn/mask_rcnn_r101_vd_fpn_1x_coco.yml,https://paddledet.bj.bcebos.com/models/mask_rcnn_r101_vd_fpn_1x_coco.pdparams",op mapper failed,NONE,NONE,NONE,NONE
"/home/build/huzhaoyang/PaddleDetection/configs/mask_rcnn/README.md,/home/build/huzhaoyang/PaddleDetection/configs/mask_rcnn/mask_rcnn_r50_1x_coco.yml,https://paddledet.bj.bcebos.com/models/mask_rcnn_r50_1x_coco.pdparams",op mapper failed,NONE,NONE,NONE,NONE
"/home/build/huzhaoyang/PaddleDetection/configs/mask_rcnn/README.md,/home/build/huzhaoyang/PaddleDetection/configs/mask_rcnn/mask_rcnn_r50_2x_coco.yml,https://paddledet.bj.bcebos.com/models/mask_rcnn_r50_2x_coco.pdparams",op mapper failed,NONE,NONE,NONE,NONE
"/home/build/huzhaoyang/PaddleDetection/configs/mask_rcnn/README.md,/home/build/huzhaoyang/PaddleDetection/configs/mask_rcnn/mask_rcnn_r50_fpn_2x_coco.yml,https://paddledet.bj.bcebos.com/models/mask_rcnn_r50_fpn_2x_coco.pdparams",op mapper failed,NONE,NONE,NONE,NONE
"/home/build/huzhaoyang/PaddleDetection/configs/mask_rcnn/README.md,/home/build/huzhaoyang/PaddleDetection/configs/mask_rcnn/mask_rcnn_r50_vd_fpn_1x_coco.yml,https://paddledet.bj.bcebos.com/models/mask_rcnn_r50_vd_fpn_1x_coco.pdparams",op mapper failed,NONE,NONE,NONE,NONE
"/home/build/huzhaoyang/PaddleDetection/configs/mask_rcnn/README.md,/home/build/huzhaoyang/PaddleDetection/configs/mask_rcnn/mask_rcnn_r50_vd_fpn_2x_coco.yml,https://paddledet.bj.bcebos.com/models/mask_rcnn_r50_vd_fpn_2x_coco.pdparams",op mapper failed,NONE,NONE,NONE,NONE
"/home/build/huzhaoyang/PaddleDetection/configs/mask_rcnn/README.md,/home/build/huzhaoyang/PaddleDetection/configs/mask_rcnn/mask_rcnn_x101_vd_64x4d_fpn_1x_coco.yml,https://paddledet.bj.bcebos.com/models/mask_rcnn_x101_vd_64x4d_fpn_1x_coco.pdparams",op mapper failed,NONE,NONE,NONE,NONE
"/home/build/huzhaoyang/PaddleDetection/configs/mask_rcnn/README.md,/home/build/huzhaoyang/PaddleDetection/configs/mask_rcnn/mask_rcnn_x101_vd_64x4d_fpn_2x_coco.yml,https://paddledet.bj.bcebos.com/models/mask_rcnn_x101_vd_64x4d_fpn_2x_coco.pdparams",op mapper failed,NONE,NONE,NONE,NONE
"/home/build/huzhaoyang/PaddleDetection/configs/mot/deepsort/README_cn.md,/home/build/huzhaoyang/PaddleDetection/configs/mot/deepsort/deepsort_pcb_pyramid_r101.yml,https://paddledet.bj.bcebos.com/models/mot/deepsort_pcb_pyramid_r101.pdparams",all ops mapped,125.65,47.28,NONE,NONE
"/home/build/huzhaoyang/PaddleDetection/configs/mot/deepsort/README_cn.md,/home/build/huzhaoyang/PaddleDetection/configs/mot/deepsort/jde_yolov3_darknet53_30e_1088x608.yml,https://paddledet.bj.bcebos.com/models/mot/jde_yolov3_darknet53_30e_1088x608.pdparams",op mapper failed,494.14,383.14,NONE,NONE
"/home/build/huzhaoyang/PaddleDetection/configs/mot/fairmot/README_cn.md,/home/build/huzhaoyang/PaddleDetection/configs/mot/fairmot/fairmot_dla34_30e_1088x608.yml,https://paddledet.bj.bcebos.com/models/mot/fairmot_dla34_30e_1088x608.pdparams",op mapper failed,6588.26,5944.91,NONE,NONE
"/home/build/huzhaoyang/PaddleDetection/configs/mot/headtracking21/README_cn.md,/home/build/huzhaoyang/PaddleDetection/configs/mot/headtracking21/fairmot_dla34_30e_1088x608_headtracking21.yml,https://paddledet.bj.bcebos.com/models/mot/fairmot_dla34_30e_1088x608_headtracking21.pdparams",op mapper failed,6390.79,6161.58,NONE,NONE
"/home/build/huzhaoyang/PaddleDetection/configs/mot/jde/README_cn.md,/home/build/huzhaoyang/PaddleDetection/configs/mot/jde/jde_darknet53_30e_1088x608.yml,https://paddledet.bj.bcebos.com/models/mot/jde_darknet53_30e_1088x608.pdparams",op mapper failed,NONE,NONE,NONE,NONE
"/home/build/huzhaoyang/PaddleDetection/configs/mot/jde/README_cn.md,/home/build/huzhaoyang/PaddleDetection/configs/mot/jde/jde_darknet53_30e_576x320.yml,https://paddledet.bj.bcebos.com/models/mot/jde_darknet53_30e_576x320.pdparams",op mapper failed,490.40,378.38,NONE,NONE
"/home/build/huzhaoyang/PaddleDetection/configs/mot/jde/README_cn.md,/home/build/huzhaoyang/PaddleDetection/configs/mot/jde/jde_darknet53_30e_864x480.yml,https://paddledet.bj.bcebos.com/models/mot/jde_darknet53_30e_864x480.pdparams",op mapper failed,968.44,817.93,NONE,NONE
"/home/build/huzhaoyang/PaddleDetection/configs/mot/kitticars/README_cn.md,/home/build/huzhaoyang/PaddleDetection/configs/mot/kitticars/fairmot_dla34_30e_1088x608_kitticars.yml,https://paddledet.bj.bcebos.com/models/mot/fairmot_dla34_30e_1088x608_kitticars.pdparams",op mapper failed,NONE,NONE,NONE,NONE
"/home/build/huzhaoyang/PaddleDetection/configs/pedestrian/README_cn.md,/home/build/huzhaoyang/PaddleDetection/configs/pedestrian/pedestrian_yolov3_darknet.yml,https://paddledet.bj.bcebos.com/models/pedestrian_yolov3_darknet.pdparams",all ops mapped,387.96,307.84,NONE,NONE
"/home/build/huzhaoyang/PaddleDetection/configs/pedestrian/README_cn.md,/home/build/huzhaoyang/PaddleDetection/static/contrib/PedestrianDetection/pedestrian_yolov3_darknet.yml,https://paddledet.bj.bcebos.com/models/pedestrian_yolov3_darknet.pdparams",all ops mapped,491.00,345.40,NONE,NONE
"/home/build/huzhaoyang/PaddleDetection/configs/ppyolo/README_cn.md,/home/build/huzhaoyang/PaddleDetection/configs/ppyolo/ppyolo_mbv3_small_coco.yml,https://paddledet.bj.bcebos.com/models/ppyolo_mbv3_small_coco.pdparams",all ops mapped,123.20,77.23,NONE,NONE
"/home/build/huzhaoyang/PaddleDetection/configs/ppyolo/README_cn.md,/home/build/huzhaoyang/PaddleDetection/configs/ppyolo/ppyolo_r18vd_coco.yml,https://paddledet.bj.bcebos.com/models/ppyolo_r18vd_coco.pdparams",openvino infered success,115.17,68.83,27.42,19.72
"/home/build/huzhaoyang/PaddleDetection/configs/ppyolo/README_cn.md,/home/build/huzhaoyang/PaddleDetection/configs/ppyolo/ppyolo_r50vd_dcn_2x_coco.yml,https://paddledet.bj.bcebos.com/models/ppyolo_r50vd_dcn_2x_coco.pdparams",all ops mapped,647.73,449.91,NONE,NONE
"/home/build/huzhaoyang/PaddleDetection/configs/ppyolo/README_cn.md,/home/build/huzhaoyang/PaddleDetection/configs/ppyolo/ppyolo_r50vd_dcn_voc.yml,https://paddledet.bj.bcebos.com/models/ppyolo_r50vd_dcn_voc.pdparams",all ops mapped,539.49,405.95,NONE,NONE
"/home/build/huzhaoyang/PaddleDetection/configs/ppyolo/README_cn.md,/home/build/huzhaoyang/PaddleDetection/configs/ppyolo/ppyolo_tiny_650e_coco.yml,https://paddledet.bj.bcebos.com/models/ppyolo_tiny_650e_coco.pdparams",openvino infered success,155.74,80.70,18.68,12.94
"/home/build/huzhaoyang/PaddleDetection/configs/ppyolo/README_cn.md,/home/build/huzhaoyang/PaddleDetection/configs/ppyolo/ppyolov2_r101vd_dcn_365e_coco.yml,https://paddledet.bj.bcebos.com/models/ppyolov2_r101vd_dcn_365e_coco.pdparams",op mapper failed,1491.41,1123.00,NONE,NONE
"/home/build/huzhaoyang/PaddleDetection/configs/rcnn_enhance/README.md,/home/build/huzhaoyang/PaddleDetection/configs/rcnn_enhance/faster_rcnn_enhance_3x_coco.yml,https://paddledet.bj.bcebos.com/models/faster_rcnn_enhance_3x_coco.pdparams",op mapper failed,NONE,NONE,NONE,NONE
"/home/build/huzhaoyang/PaddleDetection/configs/res2net/README.md,/home/build/huzhaoyang/PaddleDetection/configs/res2net/faster_rcnn_res2net50_vb_26w_4s_fpn_1x_coco.yml,https://paddledet.bj.bcebos.com/models/faster_rcnn_res2net50_vb_26w_4s_fpn_1x_coco.pdparams",op mapper failed,NONE,NONE,NONE,NONE
"/home/build/huzhaoyang/PaddleDetection/configs/res2net/README.md,/home/build/huzhaoyang/PaddleDetection/configs/res2net/mask_rcnn_res2net50_vb_26w_4s_fpn_2x_coco.yml,https://paddledet.bj.bcebos.com/models/mask_rcnn_res2net50_vb_26w_4s_fpn_2x_coco.pdparams",op mapper failed,NONE,NONE,NONE,NONE
"/home/build/huzhaoyang/PaddleDetection/configs/res2net/README.md,/home/build/huzhaoyang/PaddleDetection/configs/res2net/mask_rcnn_res2net50_vd_26w_4s_fpn_2x_coco.yml,https://paddledet.bj.bcebos.com/models/mask_rcnn_res2net50_vd_26w_4s_fpn_2x_coco.pdparams",op mapper failed,NONE,NONE,NONE,NONE
"/home/build/huzhaoyang/PaddleDetection/configs/slim/README.md,/home/build/huzhaoyang/PaddleDetection/configs/mask_rcnn/mask_rcnn_r50_fpn_1x_coco.yml,https://paddledet.bj.bcebos.com/models/mask_rcnn_r50_fpn_1x_coco.pdparams",op mapper failed,NONE,NONE,NONE,NONE
"/home/build/huzhaoyang/PaddleDetection/configs/slim/README.md,/home/build/huzhaoyang/PaddleDetection/configs/ppyolo/ppyolo_mbv3_large_coco.yml,https://paddledet.bj.bcebos.com/models/ppyolo_mbv3_large_coco.pdparams",all ops mapped,209.63,165.30,NONE,NONE
"/home/build/huzhaoyang/PaddleDetection/configs/slim/README.md,/home/build/huzhaoyang/PaddleDetection/configs/ppyolo/ppyolo_r50vd_dcn_1x_coco.yml,https://paddledet.bj.bcebos.com/models/ppyolo_r50vd_dcn_1x_coco.pdparams",all ops mapped,557.63,417.35,NONE,NONE
"/home/build/huzhaoyang/PaddleDetection/configs/slim/README.md,/home/build/huzhaoyang/PaddleDetection/configs/ppyolo/ppyolov2_r50vd_dcn_365e_coco.yml,https://paddledet.bj.bcebos.com/models/ppyolov2_r50vd_dcn_365e_coco.pdparams",op mapper failed,1235.70,1013.74,NONE,NONE
"/home/build/huzhaoyang/PaddleDetection/configs/slim/README.md,/home/build/huzhaoyang/PaddleDetection/configs/slim/distill/yolov3_mobilenet_v1_coco_distill.yml,https://paddledet.bj.bcebos.com/models/slim/yolov3_mobilenet_v1_coco_distill.pdparams",op mapper failed,NONE,NONE,NONE,NONE
"/home/build/huzhaoyang/PaddleDetection/configs/slim/README.md,/home/build/huzhaoyang/PaddleDetection/configs/slim/extensions/yolov3_mobilenet_v1_coco_distill_prune.yml,https://paddledet.bj.bcebos.com/models/slim/yolov3_mobilenet_v1_coco_distill_prune.pdparams",op mapper failed,NONE,NONE,NONE,NONE
"/home/build/huzhaoyang/PaddleDetection/configs/slim/README.md,/home/build/huzhaoyang/PaddleDetection/configs/slim/prune/ppyolo_mbv3_large_prune_fpgm.yml,https://paddledet.bj.bcebos.com/models/slim/ppyolo_mbv3_large_prune_fpgm.pdparams",op mapper failed,NONE,NONE,NONE,NONE
"/home/build/huzhaoyang/PaddleDetection/configs/slim/README.md,/home/build/huzhaoyang/PaddleDetection/configs/slim/prune/ppyolo_r50vd_prune_fpgm.yml,https://paddledet.bj.bcebos.com/models/slim/ppyolo_r50vd_prune_fpgm.pdparams",op mapper failed,NONE,NONE,NONE,NONE
"/home/build/huzhaoyang/PaddleDetection/configs/slim/README.md,/home/build/huzhaoyang/PaddleDetection/configs/slim/prune/yolov3_darknet_prune_fpgm.yml,https://paddledet.bj.bcebos.com/models/slim/yolov3_darknet_prune_fpgm.pdparams",op mapper failed,NONE,NONE,NONE,NONE
"/home/build/huzhaoyang/PaddleDetection/configs/slim/README.md,/home/build/huzhaoyang/PaddleDetection/configs/slim/quant/mask_rcnn_r50_fpn_1x_qat.yml,https://paddledet.bj.bcebos.com/models/slim/mask_rcnn_r50_fpn_1x_qat.pdparams",op mapper failed,NONE,NONE,NONE,NONE
"/home/build/huzhaoyang/PaddleDetection/configs/slim/README.md,/home/build/huzhaoyang/PaddleDetection/configs/slim/quant/ppyolo_mbv3_large_qat.yml,https://paddledet.bj.bcebos.com/models/slim/ppyolo_mbv3_large_qat.pdparams",op mapper failed,NONE,NONE,NONE,NONE
"/home/build/huzhaoyang/PaddleDetection/configs/slim/README.md,/home/build/huzhaoyang/PaddleDetection/configs/slim/quant/ppyolo_r50vd_qat_pact.yml,https://paddledet.bj.bcebos.com/models/slim/ppyolo_r50vd_qat_pact.pdparams",op mapper failed,NONE,NONE,NONE,NONE
"/home/build/huzhaoyang/PaddleDetection/configs/slim/README.md,/home/build/huzhaoyang/PaddleDetection/configs/slim/quant/ppyolov2_r50vd_dcn_qat.yml,https://paddledet.bj.bcebos.com/models/slim/ppyolov2_r50vd_dcn_qat.pdparams",op mapper failed,NONE,NONE,NONE,NONE
"/home/build/huzhaoyang/PaddleDetection/configs/slim/README.md,/home/build/huzhaoyang/PaddleDetection/configs/ssd/ssd_mobilenet_v1_300_120e_voc.yml,https://paddledet.bj.bcebos.com/models/ssd_mobilenet_v1_300_120e_voc.pdparams",all ops mapped,NONE,NONE,NONE,NONE
"/home/build/huzhaoyang/PaddleDetection/configs/slim/README.md,/home/build/huzhaoyang/PaddleDetection/configs/yolov3/yolov3_darknet53_270e_coco.yml,https://paddledet.bj.bcebos.com/models/yolov3_darknet53_270e_coco.pdparams",openvino infered success,420.53,314.63,83.87,80.22
"/home/build/huzhaoyang/PaddleDetection/configs/slim/README.md,/home/build/huzhaoyang/PaddleDetection/configs/yolov3/yolov3_mobilenet_v1_270e_coco.yml,https://paddledet.bj.bcebos.com/models/yolov3_mobilenet_v1_270e_coco.pdparams",openvino infered success,240.72,113.76,50.65,45.36
"/home/build/huzhaoyang/PaddleDetection/configs/slim/README.md,/home/build/huzhaoyang/PaddleDetection/configs/yolov3/yolov3_mobilenet_v1_270e_voc.yml,https://paddledet.bj.bcebos.com/models/yolov3_mobilenet_v1_270e_voc.pdparams",openvino infered success,167.85,100.88,36.00,33.49
"/home/build/huzhaoyang/PaddleDetection/configs/slim/README.md,/home/build/huzhaoyang/PaddleDetection/configs/yolov3/yolov3_mobilenet_v3_large_270e_coco.yml,https://paddledet.bj.bcebos.com/models/yolov3_mobilenet_v3_large_270e_coco.pdparams",openvino infered success,291.77,202.58,36.49,30.41
"/home/build/huzhaoyang/PaddleDetection/configs/solov2/README.md,/home/build/huzhaoyang/PaddleDetection/configs/solov2/solov2_r101_vd_fpn_3x_coco.yml,https://paddledet.bj.bcebos.com/models/solov2_r101_vd_fpn_3x_coco.pdparams",op mapper failed,NONE,NONE,NONE,NONE
"/home/build/huzhaoyang/PaddleDetection/configs/solov2/README.md,/home/build/huzhaoyang/PaddleDetection/configs/solov2/solov2_r50_enhance_coco.yml,https://paddledet.bj.bcebos.com/models/solov2_r50_enhance_coco.pdparams",op mapper failed,NONE,NONE,NONE,NONE
"/home/build/huzhaoyang/PaddleDetection/configs/solov2/README.md,/home/build/huzhaoyang/PaddleDetection/configs/solov2/solov2_r50_fpn_1x_coco.yml,https://paddledet.bj.bcebos.com/models/solov2_r50_fpn_1x_coco.pdparams",op mapper failed,NONE,NONE,NONE,NONE
"/home/build/huzhaoyang/PaddleDetection/configs/solov2/README.md,/home/build/huzhaoyang/PaddleDetection/configs/solov2/solov2_r50_fpn_3x_coco.yml,https://paddledet.bj.bcebos.com/models/solov2_r50_fpn_3x_coco.pdparams",op mapper failed,NONE,NONE,NONE,NONE
"/home/build/huzhaoyang/PaddleDetection/configs/sparse_rcnn/README.md,/home/build/huzhaoyang/PaddleDetection/configs/sparse_rcnn/sparse_rcnn_r50_fpn_3x_pro100_coco.yml,https://paddledet.bj.bcebos.com/models/sparse_rcnn_r50_fpn_3x_pro100_coco.pdparams",op mapper failed,NONE,NONE,NONE,NONE
"/home/build/huzhaoyang/PaddleDetection/configs/sparse_rcnn/README.md,/home/build/huzhaoyang/PaddleDetection/configs/sparse_rcnn/sparse_rcnn_r50_fpn_3x_pro300_coco.yml,https://paddledet.bj.bcebos.com/models/sparse_rcnn_r50_fpn_3x_pro300_coco.pdparams",op mapper failed,NONE,NONE,NONE,NONE
"/home/build/huzhaoyang/PaddleDetection/configs/ssd/README.md,/home/build/huzhaoyang/PaddleDetection/configs/ssd/ssd_vgg16_300_240e_voc.yml,https://paddledet.bj.bcebos.com/models/ssd_vgg16_300_240e_voc.pdparams",op mapper failed,NONE,NONE,NONE,NONE
"/home/build/huzhaoyang/PaddleDetection/configs/ttfnet/README.md,/home/build/huzhaoyang/PaddleDetection/configs/ttfnet/pafnet_10x_coco.yml,https://paddledet.bj.bcebos.com/models/pafnet_10x_coco.pdparams",op mapper failed,3376.24,3432.56,NONE,NONE
"/home/build/huzhaoyang/PaddleDetection/configs/ttfnet/README.md,/home/build/huzhaoyang/PaddleDetection/configs/ttfnet/pafnet_lite_mobilenet_v3_20x_coco.yml,https://paddledet.bj.bcebos.com/models/pafnet_lite_mobilenet_v3_20x_coco.pdparams",op mapper failed,229.02,198.40,NONE,NONE
"/home/build/huzhaoyang/PaddleDetection/configs/ttfnet/README.md,/home/build/huzhaoyang/PaddleDetection/configs/ttfnet/ttfnet_darknet53_1x_coco.yml,https://paddledet.bj.bcebos.com/models/ttfnet_darknet53_1x_coco.pdparams",op mapper failed,770.14,661.54,NONE,NONE
"/home/build/huzhaoyang/PaddleDetection/configs/ttfnet/README.md,/home/build/huzhaoyang/PaddleDetection/static/configs/anchor_free/pafnet_10x_coco.yml,https://paddledet.bj.bcebos.com/models/pafnet_10x_coco.pdparams",op mapper failed,3417.66,3354.02,NONE,NONE
"/home/build/huzhaoyang/PaddleDetection/configs/ttfnet/README.md,/home/build/huzhaoyang/PaddleDetection/static/configs/anchor_free/pafnet_lite_mobilenet_v3_20x_coco.yml,https://paddledet.bj.bcebos.com/models/pafnet_lite_mobilenet_v3_20x_coco.pdparams",op mapper failed,217.79,199.14,NONE,NONE
"/home/build/huzhaoyang/PaddleDetection/configs/vehicle/README_cn.md,/home/build/huzhaoyang/PaddleDetection/configs/vehicle/vehicle_yolov3_darknet.yml,https://paddledet.bj.bcebos.com/models/vehicle_yolov3_darknet.pdparams",openvino infered success,383.00,288.09,82.86,74.89
"/home/build/huzhaoyang/PaddleDetection/configs/vehicle/README_cn.md,/home/build/huzhaoyang/PaddleDetection/static/contrib/VehicleDetection/vehicle_yolov3_darknet.yml,https://paddledet.bj.bcebos.com/models/vehicle_yolov3_darknet.pdparams",openvino infered success,405.67,303.21,125.26,85.67
"/home/build/huzhaoyang/PaddleDetection/configs/yolov3/README.md,/home/build/huzhaoyang/PaddleDetection/configs/yolov3/yolov3_mobilenet_v3_large_270e_voc.yml,https://paddledet.bj.bcebos.com/models/yolov3_mobilenet_v3_large_270e_voc.pdparams",openvino infered success,276.44,194.25,34.45,28.67
"/home/build/huzhaoyang/PaddleDetection/configs/yolov3/README.md,/home/build/huzhaoyang/PaddleDetection/configs/yolov3/yolov3_r34_270e_coco.yml,https://paddledet.bj.bcebos.com/models/yolov3_r34_270e_coco.pdparams",openvino infered success,290.77,209.78,55.01,49.38
"/home/build/huzhaoyang/PaddleDetection/configs/yolov3/README.md,/home/build/huzhaoyang/PaddleDetection/configs/yolov3/yolov3_r50vd_dcn_270e_coco.yml,https://paddledet.bj.bcebos.com/models/yolov3_r50vd_dcn_270e_coco.pdparams",openvino infered success,457.98,313.46,107.21,96.35
"/home/build/huzhaoyang/PaddleDetection/docs/feature_models/SSLD_PRETRAINED_MODEL_en.md,/home/build/huzhaoyang/PaddleDetection/configs/cascade_rcnn/cascade_mask_rcnn_r50_vd_fpn_ssld_1x_coco.yml,https://paddledet.bj.bcebos.com/models/cascade_mask_rcnn_r50_vd_fpn_ssld_1x_coco.pdparams",op mapper failed,NONE,NONE,NONE,NONE
"/home/build/huzhaoyang/PaddleDetection/docs/feature_models/SSLD_PRETRAINED_MODEL_en.md,/home/build/huzhaoyang/PaddleDetection/configs/cascade_rcnn/cascade_mask_rcnn_r50_vd_fpn_ssld_2x_coco.yml,https://paddledet.bj.bcebos.com/models/cascade_mask_rcnn_r50_vd_fpn_ssld_2x_coco.pdparams",op mapper failed,NONE,NONE,NONE,NONE
"/home/build/huzhaoyang/PaddleDetection/docs/feature_models/SSLD_PRETRAINED_MODEL_en.md,/home/build/huzhaoyang/PaddleDetection/configs/cascade_rcnn/cascade_rcnn_r50_vd_fpn_ssld_1x_coco.yml,https://paddledet.bj.bcebos.com/models/cascade_rcnn_r50_vd_fpn_ssld_1x_coco.pdparams",op mapper failed,NONE,NONE,NONE,NONE
"/home/build/huzhaoyang/PaddleDetection/docs/feature_models/SSLD_PRETRAINED_MODEL_en.md,/home/build/huzhaoyang/PaddleDetection/configs/cascade_rcnn/cascade_rcnn_r50_vd_fpn_ssld_2x_coco.yml,https://paddledet.bj.bcebos.com/models/cascade_rcnn_r50_vd_fpn_ssld_2x_coco.pdparams",op mapper failed,NONE,NONE,NONE,NONE
"/home/build/huzhaoyang/PaddleDetection/docs/feature_models/SSLD_PRETRAINED_MODEL_en.md,/home/build/huzhaoyang/PaddleDetection/configs/faster_rcnn/faster_rcnn_r50_vd_fpn_ssld_1x_coco.yml,https://paddledet.bj.bcebos.com/models/faster_rcnn_r50_vd_fpn_ssld_1x_coco.pdparams",op mapper failed,NONE,NONE,NONE,NONE
"/home/build/huzhaoyang/PaddleDetection/docs/feature_models/SSLD_PRETRAINED_MODEL_en.md,/home/build/huzhaoyang/PaddleDetection/configs/faster_rcnn/faster_rcnn_r50_vd_fpn_ssld_2x_coco.yml,https://paddledet.bj.bcebos.com/models/faster_rcnn_r50_vd_fpn_ssld_2x_coco.pdparams",op mapper failed,NONE,NONE,NONE,NONE
"/home/build/huzhaoyang/PaddleDetection/docs/feature_models/SSLD_PRETRAINED_MODEL_en.md,/home/build/huzhaoyang/PaddleDetection/configs/mask_rcnn/mask_rcnn_r50_vd_fpn_ssld_1x_coco.yml,https://paddledet.bj.bcebos.com/models/mask_rcnn_r50_vd_fpn_ssld_1x_coco.pdparams",op mapper failed,NONE,NONE,NONE,NONE
"/home/build/huzhaoyang/PaddleDetection/docs/feature_models/SSLD_PRETRAINED_MODEL_en.md,/home/build/huzhaoyang/PaddleDetection/configs/mask_rcnn/mask_rcnn_r50_vd_fpn_ssld_2x_coco.yml,https://paddledet.bj.bcebos.com/models/mask_rcnn_r50_vd_fpn_ssld_2x_coco.pdparams",op mapper failed,NONE,NONE,NONE,NONE
"/home/build/huzhaoyang/PaddleDetection/docs/feature_models/SSLD_PRETRAINED_MODEL_en.md,/home/build/huzhaoyang/PaddleDetection/configs/yolov3/yolov3_mobilenet_v1_ssld_270e_coco.yml,https://paddledet.bj.bcebos.com/models/yolov3_mobilenet_v1_ssld_270e_coco.pdparams",openvino infered success,155.22,104.92,46.14,38.12
"/home/build/huzhaoyang/PaddleDetection/docs/feature_models/SSLD_PRETRAINED_MODEL_en.md,/home/build/huzhaoyang/PaddleDetection/configs/yolov3/yolov3_mobilenet_v1_ssld_270e_voc.yml,https://paddledet.bj.bcebos.com/models/yolov3_mobilenet_v1_ssld_270e_voc.pdparams",openvino infered success,144.59,103.48,44.60,34.25
"/home/build/huzhaoyang/PaddleDetection/docs/feature_models/SSLD_PRETRAINED_MODEL_en.md,/home/build/huzhaoyang/PaddleDetection/configs/yolov3/yolov3_mobilenet_v3_large_ssld_270e_voc.yml,https://paddledet.bj.bcebos.com/models/yolov3_mobilenet_v3_large_ssld_270e_voc.pdparams",openvino infered success,261.44,202.35,38.16,28.41
"/home/build/huzhaoyang/PaddleDetection/static/configs/acfpn/README.md,/home/build/huzhaoyang/PaddleDetection/static/configs/acfpn/faster_rcnn_r50_vd_acfpn_1x.yml,https://paddlemodels.bj.bcebos.com/object_detection/faster_rcnn_r50_vd_acfpn_1x.pdparams",op mapper failed,NONE,NONE,NONE,NONE
"/home/build/huzhaoyang/PaddleDetection/static/configs/htc/README.md,/home/build/huzhaoyang/PaddleDetection/static/configs/htc/htc_r50_fpn_1x.yml,https://paddlemodels.bj.bcebos.com/object_detection/htc_r50_fpn_1x.pdparams",op mapper failed,NONE,NONE,NONE,NONE
"/home/build/huzhaoyang/PaddleDetection/static/configs/ppyolo/README_cn.md,/home/build/huzhaoyang/PaddleDetection/configs/ppyolo/_base_/ppyolo_r18vd.yml,https://paddlemodels.bj.bcebos.com/object_detection/ppyolo_r18vd.pdparams",op mapper failed,NONE,NONE,NONE,NONE
"/home/build/huzhaoyang/PaddleDetection/static/configs/ppyolo/README_cn.md,/home/build/huzhaoyang/PaddleDetection/configs/ppyolo/_base_/ppyolo_tiny.yml,https://paddlemodels.bj.bcebos.com/object_detection/ppyolo_tiny.pdparams",op mapper failed,NONE,NONE,NONE,NONE
"/home/build/huzhaoyang/PaddleDetection/static/configs/ppyolo/README_cn.md,/home/build/huzhaoyang/PaddleDetection/configs/ppyolo/_base_/ppyolov2_r50vd_dcn.yml,https://paddlemodels.bj.bcebos.com/object_detection/ppyolov2_r50vd_dcn.pdparams",op mapper failed,NONE,NONE,NONE,NONE
"/home/build/huzhaoyang/PaddleDetection/static/configs/ppyolo/README_cn.md,/home/build/huzhaoyang/PaddleDetection/static/configs/ppyolo/ppyolo.yml,https://paddlemodels.bj.bcebos.com/object_detection/ppyolo.pdparams",op mapper failed,NONE,NONE,NONE,NONE
"/home/build/huzhaoyang/PaddleDetection/static/configs/ppyolo/README_cn.md,/home/build/huzhaoyang/PaddleDetection/static/configs/ppyolo/ppyolo_2x.yml,https://paddlemodels.bj.bcebos.com/object_detection/ppyolo_2x.pdparams",op mapper failed,NONE,NONE,NONE,NONE
"/home/build/huzhaoyang/PaddleDetection/static/configs/ppyolo/README_cn.md,/home/build/huzhaoyang/PaddleDetection/static/configs/ppyolo/ppyolo_2x_bs12.yml,https://paddlemodels.bj.bcebos.com/object_detection/ppyolo_2x_bs12.pdparams",op mapper failed,NONE,NONE,NONE,NONE
"/home/build/huzhaoyang/PaddleDetection/static/configs/ppyolo/README_cn.md,/home/build/huzhaoyang/PaddleDetection/static/configs/ppyolo/ppyolo_mobilenet_v3_large.yml,https://paddlemodels.bj.bcebos.com/object_detection/ppyolo_mobilenet_v3_large.pdparams",op mapper failed,NONE,NONE,NONE,NONE
"/home/build/huzhaoyang/PaddleDetection/static/configs/ppyolo/README_cn.md,/home/build/huzhaoyang/PaddleDetection/static/configs/ppyolo/ppyolo_mobilenet_v3_small.yml,https://paddlemodels.bj.bcebos.com/object_detection/ppyolo_mobilenet_v3_small.pdparams",op mapper failed,NONE,NONE,NONE,NONE
"/home/build/huzhaoyang/PaddleDetection/static/configs/ppyolo/README_cn.md,/home/build/huzhaoyang/PaddleDetection/static/configs/ppyolo/ppyolo_r18vd.yml,https://paddlemodels.bj.bcebos.com/object_detection/ppyolo_r18vd.pdparams",op mapper failed,NONE,NONE,NONE,NONE
"/home/build/huzhaoyang/PaddleDetection/static/configs/ppyolo/README_cn.md,/home/build/huzhaoyang/PaddleDetection/static/configs/ppyolo/ppyolo_tiny.yml,https://paddlemodels.bj.bcebos.com/object_detection/ppyolo_tiny.pdparams",op mapper failed,NONE,NONE,NONE,NONE
"/home/build/huzhaoyang/PaddleDetection/static/configs/ppyolo/README_cn.md,/home/build/huzhaoyang/PaddleDetection/static/configs/ppyolo/ppyolo_voc.yml,https://paddlemodels.bj.bcebos.com/object_detection/ppyolo_voc.pdparams",op mapper failed,NONE,NONE,NONE,NONE
"/home/build/huzhaoyang/PaddleDetection/static/configs/ppyolo/README_cn.md,/home/build/huzhaoyang/PaddleDetection/static/configs/ppyolo/ppyolov2_r101vd_dcn.yml,https://paddlemodels.bj.bcebos.com/object_detection/ppyolov2_r101vd_dcn.pdparams",op mapper failed,NONE,NONE,NONE,NONE
"/home/build/huzhaoyang/PaddleDetection/static/configs/ppyolo/README_cn.md,/home/build/huzhaoyang/PaddleDetection/static/configs/ppyolo/ppyolov2_r50vd_dcn.yml,https://paddlemodels.bj.bcebos.com/object_detection/ppyolov2_r50vd_dcn.pdparams",op mapper failed,NONE,NONE,NONE,NONE
"/home/build/huzhaoyang/PaddleDetection/static/configs/random_erasing/README.md,/home/build/huzhaoyang/PaddleDetection/static/configs/random_erasing/faster_rcnn_r50_vd_fpn_random_erasing_4x.yml,https://paddlemodels.bj.bcebos.com/object_detection/faster_rcnn_r50_vd_fpn_random_erasing_4x.pdparams",op mapper failed,NONE,NONE,NONE,NONE
"/home/build/huzhaoyang/PaddleDetection/static/configs/solov2/README.md,/home/build/huzhaoyang/PaddleDetection/static/configs/solov2/solov2_light_r50_vd_fpn_dcn_512_3x.yml,https://paddlemodels.bj.bcebos.com/object_detection/solov2_light_r50_vd_fpn_dcn_512_3x.pdparams",op mapper failed,NONE,NONE,NONE,NONE
"/home/build/huzhaoyang/PaddleDetection/static/configs/solov2/README.md,/home/build/huzhaoyang/PaddleDetection/static/configs/solov2/solov2_mobilenetv3_fpn_448_3x.yml,https://paddlemodels.bj.bcebos.com/object_detection/solov2_mobilenetv3_fpn_448_3x.pdparams",op mapper failed,NONE,NONE,NONE,NONE
"/home/build/huzhaoyang/PaddleDetection/static/configs/solov2/README.md,/home/build/huzhaoyang/PaddleDetection/static/configs/solov2/solov2_r101_vd_fpn_3x.yml,https://paddlemodels.bj.bcebos.com/object_detection/solov2_r101_vd_fpn_3x.pdparams",op mapper failed,NONE,NONE,NONE,NONE
"/home/build/huzhaoyang/PaddleDetection/static/configs/solov2/README.md,/home/build/huzhaoyang/PaddleDetection/static/configs/solov2/solov2_r50_fpn_1x.yml,https://paddlemodels.bj.bcebos.com/object_detection/solov2_r50_fpn_1x.pdparams",op mapper failed,NONE,NONE,NONE,NONE
"/home/build/huzhaoyang/PaddleDetection/static/configs/solov2/README.md,/home/build/huzhaoyang/PaddleDetection/static/configs/solov2/solov2_r50_fpn_3x.yml,https://paddlemodels.bj.bcebos.com/object_detection/solov2_r50_fpn_3x.pdparams",op mapper failed,NONE,NONE,NONE,NONE
"/home/build/huzhaoyang/PaddleDetection/static/deploy/serving/README.md,/home/build/huzhaoyang/PaddleDetection/configs/yolov3/yolov3_mobilenet_v1_roadsign.yml,https://paddlemodels.bj.bcebos.com/object_detection/yolov3_mobilenet_v1_roadsign.pdparams",openvino infered success,156.93,114.92,43.08,39.81
"/home/build/huzhaoyang/PaddleDetection/static/deploy/serving/README.md,/home/build/huzhaoyang/PaddleDetection/static/configs/yolov3_mobilenet_v1_roadsign.yml,https://paddlemodels.bj.bcebos.com/object_detection/yolov3_mobilenet_v1_roadsign.pdparams",infer accuracy pass,149.83,113.58,44.94,40.65
"/home/build/huzhaoyang/PaddleDetection/static/docs/MODEL_ZOO.md,/home/build/huzhaoyang/PaddleDetection/static/configs/efficientdet_d0.yml,https://paddlemodels.bj.bcebos.com/object_detection/efficientdet_d0.pdparams",op mapper failed,NONE,NONE,NONE,NONE
"/home/build/huzhaoyang/PaddleDetection/static/docs/MODEL_ZOO.md,/home/build/huzhaoyang/PaddleDetection/static/configs/faster_rcnn_r34_fpn_1x.yml,https://paddlemodels.bj.bcebos.com/object_detection/faster_rcnn_r34_fpn_1x.pdparams",op mapper failed,NONE,NONE,NONE,NONE
"/home/build/huzhaoyang/PaddleDetection/static/docs/MODEL_ZOO.md,/home/build/huzhaoyang/PaddleDetection/static/configs/faster_rcnn_r34_vd_fpn_1x.yml,https://paddlemodels.bj.bcebos.com/object_detection/faster_rcnn_r34_vd_fpn_1x.pdparams",op mapper failed,NONE,NONE,NONE,NONE
"/home/build/huzhaoyang/PaddleDetection/static/docs/MODEL_ZOO.md,/home/build/huzhaoyang/PaddleDetection/static/configs/ssd/ssdlite_ghostnet.yml,https://paddlemodels.bj.bcebos.com/object_detection/mobile_models/ssdlite_ghostnet.pdparams",op mapper failed,NONE,NONE,NONE,NONE
"/home/build/huzhaoyang/PaddleDetection/static/docs/MODEL_ZOO.md,/home/build/huzhaoyang/PaddleDetection/static/configs/ssd/ssdlite_mobilenet_v1.yml,https://paddlemodels.bj.bcebos.com/object_detection/ssdlite_mobilenet_v1.pdparams",op mapper failed,NONE,NONE,NONE,NONE
"/home/build/huzhaoyang/PaddleDetection/static/docs/MODEL_ZOO.md,/home/build/huzhaoyang/PaddleDetection/static/configs/ssd/ssdlite_mobilenet_v3_large_fpn.yml,https://paddlemodels.bj.bcebos.com/object_detection/mobile_models/ssdlite_mobilenet_v3_large_fpn.pdparams",op mapper failed,NONE,NONE,NONE,NONE
"/home/build/huzhaoyang/PaddleDetection/static/docs/MODEL_ZOO.md,/home/build/huzhaoyang/PaddleDetection/static/configs/ssd/ssdlite_mobilenet_v3_small_fpn.yml,https://paddlemodels.bj.bcebos.com/object_detection/mobile_models/ssdlite_mobilenet_v3_small_fpn.pdparams",op mapper failed,NONE,NONE,NONE,NONE
"/home/build/huzhaoyang/PaddleDetection/static/docs/MODEL_ZOO.md,/home/build/huzhaoyang/PaddleDetection/static/configs/yolov3_darknet_voc_diouloss.yml,https://paddlemodels.bj.bcebos.com/object_detection/yolov3_darknet_voc_diouloss.pdparams",op mapper failed,NONE,NONE,NONE,NONE
"/home/build/huzhaoyang/PaddleDetection/static/docs/featured_model/ANCHOR_FREE_DETECTION.md,/home/build/huzhaoyang/PaddleDetection/static/configs/anchor_free/cornernet_squeeze_dcn_r50_vd_fpn_mixup_cosine.yml,https://paddlemodels.bj.bcebos.com/object_detection/cornernet_squeeze_dcn_r50_vd_fpn_mixup_cosine.pdparams",op mapper failed,NONE,NONE,NONE,NONE
"/home/build/huzhaoyang/PaddleDetection/static/docs/featured_model/ANCHOR_FREE_DETECTION.md,/home/build/huzhaoyang/PaddleDetection/static/configs/anchor_free/fcos_dcn_r50_fpn_1x.yml,https://paddlemodels.bj.bcebos.com/object_detection/fcos_dcn_r50_fpn_1x.pdparams",op mapper failed,NONE,NONE,NONE,NONE
"/home/build/huzhaoyang/PaddleDetection/static/docs/featured_model/ANCHOR_FREE_DETECTION.md,/home/build/huzhaoyang/PaddleDetection/static/configs/anchor_free/fcos_r50_fpn_1x.yml,https://paddlemodels.bj.bcebos.com/object_detection/fcos_r50_fpn_1x.pdparams",op mapper failed,NONE,NONE,NONE,NONE
"/home/build/huzhaoyang/PaddleDetection/static/docs/featured_model/ANCHOR_FREE_DETECTION.md,/home/build/huzhaoyang/PaddleDetection/static/configs/anchor_free/fcos_r50_fpn_multiscale_2x.yml,https://paddlemodels.bj.bcebos.com/object_detection/fcos_r50_fpn_multiscale_2x.pdparams",op mapper failed,NONE,NONE,NONE,NONE
"/home/build/huzhaoyang/PaddleDetection/static/docs/featured_model/ANCHOR_FREE_DETECTION.md,/home/build/huzhaoyang/PaddleDetection/static/configs/anchor_free/ttfnet_darknet.yml,https://paddlemodels.bj.bcebos.com/object_detection/ttfnet_darknet.pdparams",op mapper failed,NONE,NONE,NONE,NONE
"/home/build/huzhaoyang/PaddleDetection/static/docs/featured_model/FACE_DETECTION_en.md,/home/build/huzhaoyang/PaddleDetection/static/configs/face_detection/blazeface_keypoint.yml,https://paddlemodels.bj.bcebos.com/object_detection/blazeface_keypoint.pdparams",op mapper failed,NONE,NONE,NONE,NONE
"/home/build/huzhaoyang/PaddleDetection/static/docs/featured_model/LARGE_SCALE_DET_MODEL.md,/home/build/huzhaoyang/PaddleDetection/static/configs/rcnn_enhance/generic/cascade_rcnn_cbr101_vd_fpn_server_side.yml,https://paddlemodels.bj.bcebos.com/object_detection/cascade_rcnn_cbr101_vd_fpn_server_side.pdparams",op mapper failed,NONE,NONE,NONE,NONE
"/home/build/huzhaoyang/PaddleDetection/static/docs/featured_model/LARGE_SCALE_DET_MODEL.md,/home/build/huzhaoyang/PaddleDetection/static/configs/rcnn_enhance/generic/cascade_rcnn_dcn_r101_vd_fpn_gen_server_side.yml,https://paddlemodels.bj.bcebos.com/object_detection/cascade_rcnn_dcn_r101_vd_fpn_gen_server_side.pdparams",op mapper failed,NONE,NONE,NONE,NONE
"/home/build/huzhaoyang/PaddleDetection/static/docs/featured_model/LARGE_SCALE_DET_MODEL.md,/home/build/huzhaoyang/PaddleDetection/static/configs/rcnn_enhance/generic/cascade_rcnn_dcn_r50_vd_fpn_gen_server_side.yml,https://paddlemodels.bj.bcebos.com/object_detection/cascade_rcnn_dcn_r50_vd_fpn_gen_server_side.pdparams",op mapper failed,NONE,NONE,NONE,NONE
"/home/build/huzhaoyang/PaddleDetection/static/docs/featured_model/MOBILE_SIDE.md,/home/build/huzhaoyang/PaddleDetection/static/configs/mobile/ssdlite_mobilenet_v3_large.yml,https://paddlemodels.bj.bcebos.com/object_detection/mobile_models/ssdlite_mobilenet_v3_large.pdparams",op mapper failed,NONE,NONE,NONE,NONE
"/home/build/huzhaoyang/PaddleDetection/static/docs/featured_model/MOBILE_SIDE.md,/home/build/huzhaoyang/PaddleDetection/static/configs/mobile/ssdlite_mobilenet_v3_small.yml,https://paddlemodels.bj.bcebos.com/object_detection/mobile_models/ssdlite_mobilenet_v3_small.pdparams",op mapper failed,NONE,NONE,NONE,NONE
"/home/build/huzhaoyang/PaddleDetection/static/docs/featured_model/MOBILE_SIDE.md,/home/build/huzhaoyang/PaddleDetection/static/configs/mobile/yolov3_mobilenet_v3.yml,https://paddlemodels.bj.bcebos.com/object_detection/yolov3_mobilenet_v3.pdparams",op mapper failed,NONE,NONE,NONE,NONE
"/home/build/huzhaoyang/PaddleDetection/static/docs/featured_model/MOBILE_SIDE.md,/home/build/huzhaoyang/PaddleDetection/static/configs/ssd/ssdlite_mobilenet_v3_large.yml,https://paddlemodels.bj.bcebos.com/object_detection/mobile_models/ssdlite_mobilenet_v3_large.pdparams",op mapper failed,NONE,NONE,NONE,NONE
"/home/build/huzhaoyang/PaddleDetection/static/docs/featured_model/MOBILE_SIDE.md,/home/build/huzhaoyang/PaddleDetection/static/configs/ssd/ssdlite_mobilenet_v3_small.yml,https://paddlemodels.bj.bcebos.com/object_detection/mobile_models/ssdlite_mobilenet_v3_small.pdparams",op mapper failed,NONE,NONE,NONE,NONE
"/home/build/huzhaoyang/PaddleDetection/static/docs/featured_model/MOBILE_SIDE.md,/home/build/huzhaoyang/PaddleDetection/static/configs/yolov3_mobilenet_v3.yml,https://paddlemodels.bj.bcebos.com/object_detection/yolov3_mobilenet_v3.pdparams",op mapper failed,NONE,NONE,NONE,NONE
"/home/build/huzhaoyang/PaddleDetection/static/docs/featured_model/SERVER_SIDE_en.md,/home/build/huzhaoyang/PaddleDetection/static/configs/rcnn_enhance/cascade_rcnn_dcn_r101_vd_fpn_3x_server_side.yml,https://paddlemodels.bj.bcebos.com/object_detection/cascade_rcnn_dcn_r101_vd_fpn_3x_server_side.pdparams",op mapper failed,NONE,NONE,NONE,NONE
"/home/build/huzhaoyang/PaddleDetection/static/docs/featured_model/YOLO_V4.md,/home/build/huzhaoyang/PaddleDetection/static/configs/yolov4/yolov4_cspdarknet.yml,https://paddlemodels.bj.bcebos.com/object_detection/yolov4_cspdarknet.pdparams",op mapper failed,NONE,NONE,NONE,NONE
"/home/build/huzhaoyang/PaddleDetection/static/docs/featured_model/YOLO_V4.md,/home/build/huzhaoyang/PaddleDetection/static/configs/yolov4/yolov4_cspdarknet_voc.yml,https://paddlemodels.bj.bcebos.com/object_detection/yolov4_cspdarknet_voc.pdparams",op mapper failed,NONE,NONE,NONE,NONE
"/home/build/huzhaoyang/PaddleDetection/static/docs/featured_model/YOLOv3_ENHANCEMENT.md,/home/build/huzhaoyang/PaddleDetection/static/configs/dcn/yolov3_r50vd_dcn_db_iouaware_obj365_pretrained_coco.yml,https://paddlemodels.bj.bcebos.com/object_detection/yolov3_r50vd_dcn_db_iouaware_obj365_pretrained_coco.pdparams",op mapper failed,NONE,NONE,NONE,NONE
"None,/home/build/huzhaoyang/PaddleDetection/.pre-commit-config.yaml,None",op mapper failed,NONE,NONE,NONE,NONE
"None,/home/build/huzhaoyang/PaddleDetection/.travis.yml,None",op mapper failed,NONE,NONE,NONE,NONE
"None,/home/build/huzhaoyang/PaddleDetection/configs/cascade_rcnn/_base_/cascade_fpn_reader.yml,None",op mapper failed,NONE,NONE,NONE,NONE
"None,/home/build/huzhaoyang/PaddleDetection/configs/cascade_rcnn/_base_/cascade_mask_fpn_reader.yml,None",op mapper failed,NONE,NONE,NONE,NONE
"None,/home/build/huzhaoyang/PaddleDetection/configs/cascade_rcnn/_base_/cascade_mask_rcnn_r50_fpn.yml,None",op mapper failed,NONE,NONE,NONE,NONE
"None,/home/build/huzhaoyang/PaddleDetection/configs/cascade_rcnn/_base_/cascade_rcnn_r50_fpn.yml,None",op mapper failed,NONE,NONE,NONE,NONE
"None,/home/build/huzhaoyang/PaddleDetection/configs/cascade_rcnn/_base_/optimizer_1x.yml,None",op mapper failed,NONE,NONE,NONE,NONE
"None,/home/build/huzhaoyang/PaddleDetection/configs/datasets/coco_detection.yml,None",op mapper failed,NONE,NONE,NONE,NONE
"None,/home/build/huzhaoyang/PaddleDetection/configs/datasets/coco_instance.yml,None",op mapper failed,NONE,NONE,NONE,NONE
"None,/home/build/huzhaoyang/PaddleDetection/configs/datasets/dota.yml,None",op mapper failed,NONE,NONE,NONE,NONE
"None,/home/build/huzhaoyang/PaddleDetection/configs/datasets/mot.yml,None",op mapper failed,NONE,NONE,NONE,NONE
"None,/home/build/huzhaoyang/PaddleDetection/configs/datasets/roadsign_voc.yml,None",op mapper failed,NONE,NONE,NONE,NONE
"None,/home/build/huzhaoyang/PaddleDetection/configs/datasets/spine_coco.yml,None",op mapper failed,NONE,NONE,NONE,NONE
"None,/home/build/huzhaoyang/PaddleDetection/configs/datasets/voc.yml,None",op mapper failed,NONE,NONE,NONE,NONE
"None,/home/build/huzhaoyang/PaddleDetection/configs/datasets/wider_face.yml,None",op mapper failed,NONE,NONE,NONE,NONE
"None,/home/build/huzhaoyang/PaddleDetection/configs/deformable_detr/_base_/deformable_detr_r50.yml,None",op mapper failed,NONE,NONE,NONE,NONE
"None,/home/build/huzhaoyang/PaddleDetection/configs/deformable_detr/_base_/deformable_detr_reader.yml,None",op mapper failed,NONE,NONE,NONE,NONE
"None,/home/build/huzhaoyang/PaddleDetection/configs/deformable_detr/_base_/deformable_optimizer_1x.yml,None",op mapper failed,NONE,NONE,NONE,NONE
"None,/home/build/huzhaoyang/PaddleDetection/configs/detr/_base_/detr_r50.yml,None",op mapper failed,NONE,NONE,NONE,NONE
"None,/home/build/huzhaoyang/PaddleDetection/configs/detr/_base_/detr_reader.yml,None",op mapper failed,NONE,NONE,NONE,NONE
"None,/home/build/huzhaoyang/PaddleDetection/configs/detr/_base_/optimizer_1x.yml,None",op mapper failed,NONE,NONE,NONE,NONE
"None,/home/build/huzhaoyang/PaddleDetection/configs/dota/_base_/s2anet.yml,None",op mapper failed,NONE,NONE,NONE,NONE
"None,/home/build/huzhaoyang/PaddleDetection/configs/dota/_base_/s2anet_optimizer_1x.yml,None",op mapper failed,NONE,NONE,NONE,NONE
"None,/home/build/huzhaoyang/PaddleDetection/configs/dota/_base_/s2anet_optimizer_2x.yml,None",op mapper failed,NONE,NONE,NONE,NONE
"None,/home/build/huzhaoyang/PaddleDetection/configs/dota/_base_/s2anet_reader.yml,None",op mapper failed,NONE,NONE,NONE,NONE
"None,/home/build/huzhaoyang/PaddleDetection/configs/dota/s2anet_1x_spine.yml,None",op mapper failed,NONE,NONE,NONE,NONE
"None,/home/build/huzhaoyang/PaddleDetection/configs/face_detection/_base_/blazeface.yml,None",op mapper failed,NONE,NONE,NONE,NONE
"None,/home/build/huzhaoyang/PaddleDetection/configs/face_detection/_base_/blazeface_fpn.yml,None",op mapper failed,NONE,NONE,NONE,NONE
"None,/home/build/huzhaoyang/PaddleDetection/configs/face_detection/_base_/face_reader.yml,None",op mapper failed,NONE,NONE,NONE,NONE
"None,/home/build/huzhaoyang/PaddleDetection/configs/face_detection/_base_/optimizer_1000e.yml,None",op mapper failed,NONE,NONE,NONE,NONE
"None,/home/build/huzhaoyang/PaddleDetection/configs/faster_rcnn/_base_/faster_fpn_reader.yml,None",op mapper failed,NONE,NONE,NONE,NONE
"None,/home/build/huzhaoyang/PaddleDetection/configs/faster_rcnn/_base_/faster_rcnn_r50.yml,None",op mapper failed,NONE,NONE,NONE,NONE
"None,/home/build/huzhaoyang/PaddleDetection/configs/faster_rcnn/_base_/faster_rcnn_r50_fpn.yml,None",op mapper failed,NONE,NONE,NONE,NONE
"None,/home/build/huzhaoyang/PaddleDetection/configs/faster_rcnn/_base_/faster_reader.yml,None",op mapper failed,NONE,NONE,NONE,NONE
"None,/home/build/huzhaoyang/PaddleDetection/configs/faster_rcnn/_base_/optimizer_1x.yml,None",op mapper failed,NONE,NONE,NONE,NONE
"None,/home/build/huzhaoyang/PaddleDetection/configs/faster_rcnn/faster_rcnn_r101_fpn_1x_coco.yml,None",op mapper failed,NONE,NONE,NONE,NONE
"None,/home/build/huzhaoyang/PaddleDetection/configs/fcos/_base_/fcos_r50_fpn.yml,None",op mapper failed,NONE,NONE,NONE,NONE
"None,/home/build/huzhaoyang/PaddleDetection/configs/fcos/_base_/fcos_reader.yml,None",op mapper failed,NONE,NONE,NONE,NONE
"None,/home/build/huzhaoyang/PaddleDetection/configs/fcos/_base_/optimizer_1x.yml,None",op mapper failed,NONE,NONE,NONE,NONE
"None,/home/build/huzhaoyang/PaddleDetection/configs/hrnet/_base_/faster_rcnn_hrnetv2p_w18.yml,None",op mapper failed,NONE,NONE,NONE,NONE
"None,/home/build/huzhaoyang/PaddleDetection/configs/keypoint/hrnet/dark_hrnet_w48_256x192.yml,None",op mapper failed,NONE,NONE,NONE,NONE
"None,/home/build/huzhaoyang/PaddleDetection/configs/mask_rcnn/_base_/mask_fpn_reader.yml,None",op mapper failed,NONE,NONE,NONE,NONE
"None,/home/build/huzhaoyang/PaddleDetection/configs/mask_rcnn/_base_/mask_rcnn_r50.yml,None",op mapper failed,NONE,NONE,NONE,NONE
"None,/home/build/huzhaoyang/PaddleDetection/configs/mask_rcnn/_base_/mask_rcnn_r50_fpn.yml,None",op mapper failed,NONE,NONE,NONE,NONE
"None,/home/build/huzhaoyang/PaddleDetection/configs/mask_rcnn/_base_/mask_reader.yml,None",op mapper failed,NONE,NONE,NONE,NONE
"None,/home/build/huzhaoyang/PaddleDetection/configs/mask_rcnn/_base_/optimizer_1x.yml,None",op mapper failed,NONE,NONE,NONE,NONE
"None,/home/build/huzhaoyang/PaddleDetection/configs/mot/deepsort/_base_/deepsort_reader_1088x608.yml,None",op mapper failed,NONE,NONE,NONE,NONE
"None,/home/build/huzhaoyang/PaddleDetection/configs/mot/deepsort/_base_/deepsort_yolov3_darknet53_pcb_pyramid_r101.yml,None",op mapper failed,NONE,NONE,NONE,NONE
"None,/home/build/huzhaoyang/PaddleDetection/configs/mot/deepsort/deepsort_yolov3_pcb_pyramid_r101.yml,None",op mapper failed,NONE,NONE,NONE,NONE
"None,/home/build/huzhaoyang/PaddleDetection/configs/mot/fairmot/_base_/fairmot_dla34.yml,None",op mapper failed,NONE,NONE,NONE,NONE
"None,/home/build/huzhaoyang/PaddleDetection/configs/mot/fairmot/_base_/fairmot_reader_1088x608.yml,None",op mapper failed,NONE,NONE,NONE,NONE
"None,/home/build/huzhaoyang/PaddleDetection/configs/mot/fairmot/_base_/optimizer_30e.yml,None",op mapper failed,NONE,NONE,NONE,NONE
"None,/home/build/huzhaoyang/PaddleDetection/configs/mot/jde/_base_/jde_darknet53.yml,None",op mapper failed,NONE,NONE,NONE,NONE
"None,/home/build/huzhaoyang/PaddleDetection/configs/mot/jde/_base_/jde_reader_1088x608.yml,None",op mapper failed,NONE,NONE,NONE,NONE
"None,/home/build/huzhaoyang/PaddleDetection/configs/mot/jde/_base_/jde_reader_576x320.yml,None",op mapper failed,NONE,NONE,NONE,NONE
"None,/home/build/huzhaoyang/PaddleDetection/configs/mot/jde/_base_/jde_reader_864x480.yml,None",op mapper failed,NONE,NONE,NONE,NONE
"None,/home/build/huzhaoyang/PaddleDetection/configs/mot/jde/_base_/optimizer_30e.yml,None",op mapper failed,NONE,NONE,NONE,NONE
"None,/home/build/huzhaoyang/PaddleDetection/configs/mot/jde/_base_/optimizer_60e.yml,None",op mapper failed,NONE,NONE,NONE,NONE
"None,/home/build/huzhaoyang/PaddleDetection/configs/ppyolo/_base_/optimizer_1x.yml,None",op mapper failed,NONE,NONE,NONE,NONE
"None,/home/build/huzhaoyang/PaddleDetection/configs/ppyolo/_base_/optimizer_2x.yml,None",op mapper failed,NONE,NONE,NONE,NONE
"None,/home/build/huzhaoyang/PaddleDetection/configs/ppyolo/_base_/optimizer_365e.yml,None",op mapper failed,NONE,NONE,NONE,NONE
"None,/home/build/huzhaoyang/PaddleDetection/configs/ppyolo/_base_/optimizer_650e.yml,None",op mapper failed,NONE,NONE,NONE,NONE
"None,/home/build/huzhaoyang/PaddleDetection/configs/ppyolo/_base_/ppyolo_mbv3_large.yml,None",op mapper failed,NONE,NONE,NONE,NONE
"None,/home/build/huzhaoyang/PaddleDetection/configs/ppyolo/_base_/ppyolo_mbv3_small.yml,None",op mapper failed,NONE,NONE,NONE,NONE
"None,/home/build/huzhaoyang/PaddleDetection/configs/ppyolo/_base_/ppyolo_r50vd_dcn.yml,None",op mapper failed,NONE,NONE,NONE,NONE
"None,/home/build/huzhaoyang/PaddleDetection/configs/ppyolo/_base_/ppyolo_reader.yml,None",op mapper failed,NONE,NONE,NONE,NONE
"None,/home/build/huzhaoyang/PaddleDetection/configs/ppyolo/_base_/ppyolo_tiny_reader.yml,None",op mapper failed,NONE,NONE,NONE,NONE
"None,/home/build/huzhaoyang/PaddleDetection/configs/ppyolo/_base_/ppyolov2_reader.yml,None",op mapper failed,NONE,NONE,NONE,NONE
"None,/home/build/huzhaoyang/PaddleDetection/configs/ppyolo/ppyolo_r50vd_dcn_1x_minicoco.yml,None",op mapper failed,NONE,NONE,NONE,NONE
"None,/home/build/huzhaoyang/PaddleDetection/configs/ppyolo/ppyolo_test.yml,None",op mapper failed,NONE,NONE,NONE,NONE
"None,/home/build/huzhaoyang/PaddleDetection/configs/ppyolo/ppyolov2_r50vd_dcn_voc.yml,None",op mapper failed,NONE,NONE,NONE,NONE
"None,/home/build/huzhaoyang/PaddleDetection/configs/rcnn_enhance/_base_/faster_rcnn_enhance.yml,None",op mapper failed,NONE,NONE,NONE,NONE
"None,/home/build/huzhaoyang/PaddleDetection/configs/rcnn_enhance/_base_/faster_rcnn_enhance_reader.yml,None",op mapper failed,NONE,NONE,NONE,NONE
"None,/home/build/huzhaoyang/PaddleDetection/configs/rcnn_enhance/_base_/optimizer_3x.yml,None",op mapper failed,NONE,NONE,NONE,NONE
"None,/home/build/huzhaoyang/PaddleDetection/configs/runtime.yml,None",op mapper failed,NONE,NONE,NONE,NONE
"None,/home/build/huzhaoyang/PaddleDetection/configs/slim/prune/faster_rcnn_r50_fpn_prune_fpgm.yml,None",op mapper failed,NONE,NONE,NONE,NONE
"None,/home/build/huzhaoyang/PaddleDetection/configs/slim/prune/yolov3_prune_fpgm.yml,None",op mapper failed,NONE,NONE,NONE,NONE
"None,/home/build/huzhaoyang/PaddleDetection/configs/slim/prune/yolov3_prune_l1_norm.yml,None",op mapper failed,NONE,NONE,NONE,NONE
"None,/home/build/huzhaoyang/PaddleDetection/configs/slim/quant/ssd_mobilenet_v1_qat.yml,None",op mapper failed,NONE,NONE,NONE,NONE
"None,/home/build/huzhaoyang/PaddleDetection/configs/slim/quant/yolov3_darknet_qat.yml,None",op mapper failed,NONE,NONE,NONE,NONE
"None,/home/build/huzhaoyang/PaddleDetection/configs/slim/quant/yolov3_mobilenet_v1_qat.yml,None",op mapper failed,NONE,NONE,NONE,NONE
"None,/home/build/huzhaoyang/PaddleDetection/configs/slim/quant/yolov3_mobilenet_v3_qat.yml,None",op mapper failed,NONE,NONE,NONE,NONE
"None,/home/build/huzhaoyang/PaddleDetection/configs/solov2/_base_/optimizer_1x.yml,None",op mapper failed,NONE,NONE,NONE,NONE
"None,/home/build/huzhaoyang/PaddleDetection/configs/solov2/_base_/solov2_light_reader.yml,None",op mapper failed,NONE,NONE,NONE,NONE
"None,/home/build/huzhaoyang/PaddleDetection/configs/solov2/_base_/solov2_r50_fpn.yml,None",op mapper failed,NONE,NONE,NONE,NONE
"None,/home/build/huzhaoyang/PaddleDetection/configs/solov2/_base_/solov2_reader.yml,None",op mapper failed,NONE,NONE,NONE,NONE
"None,/home/build/huzhaoyang/PaddleDetection/configs/sparse_rcnn/_base_/optimizer_3x.yml,None",op mapper failed,NONE,NONE,NONE,NONE
"None,/home/build/huzhaoyang/PaddleDetection/configs/sparse_rcnn/_base_/sparse_rcnn_r50_fpn.yml,None",op mapper failed,NONE,NONE,NONE,NONE
"None,/home/build/huzhaoyang/PaddleDetection/configs/sparse_rcnn/_base_/sparse_rcnn_reader.yml,None",op mapper failed,NONE,NONE,NONE,NONE
"None,/home/build/huzhaoyang/PaddleDetection/configs/ssd/_base_/optimizer_120e.yml,None",op mapper failed,NONE,NONE,NONE,NONE
"None,/home/build/huzhaoyang/PaddleDetection/configs/ssd/_base_/optimizer_1700e.yml,None",op mapper failed,NONE,NONE,NONE,NONE
"None,/home/build/huzhaoyang/PaddleDetection/configs/ssd/_base_/optimizer_240e.yml,None",op mapper failed,NONE,NONE,NONE,NONE
"None,/home/build/huzhaoyang/PaddleDetection/configs/ssd/_base_/ssd_mobilenet_reader.yml,None",op mapper failed,NONE,NONE,NONE,NONE
"None,/home/build/huzhaoyang/PaddleDetection/configs/ssd/_base_/ssd_mobilenet_v1_300.yml,None",op mapper failed,NONE,NONE,NONE,NONE
"None,/home/build/huzhaoyang/PaddleDetection/configs/ssd/_base_/ssd_reader.yml,None",op mapper failed,NONE,NONE,NONE,NONE
"None,/home/build/huzhaoyang/PaddleDetection/configs/ssd/_base_/ssd_vgg16_300.yml,None",op mapper failed,NONE,NONE,NONE,NONE
"None,/home/build/huzhaoyang/PaddleDetection/configs/ssd/_base_/ssdlite300_reader.yml,None",op mapper failed,NONE,NONE,NONE,NONE
"None,/home/build/huzhaoyang/PaddleDetection/configs/ssd/_base_/ssdlite320_reader.yml,None",op mapper failed,NONE,NONE,NONE,NONE
"None,/home/build/huzhaoyang/PaddleDetection/configs/ssd/_base_/ssdlite_ghostnet_320.yml,None",op mapper failed,NONE,NONE,NONE,NONE
"None,/home/build/huzhaoyang/PaddleDetection/configs/ssd/_base_/ssdlite_mobilenet_v1_300.yml,None",op mapper failed,NONE,NONE,NONE,NONE
"None,/home/build/huzhaoyang/PaddleDetection/configs/ssd/_base_/ssdlite_mobilenet_v3_large_320.yml,None",op mapper failed,NONE,NONE,NONE,NONE
"None,/home/build/huzhaoyang/PaddleDetection/configs/ssd/_base_/ssdlite_mobilenet_v3_small_320.yml,None",op mapper failed,NONE,NONE,NONE,NONE
"None,/home/build/huzhaoyang/PaddleDetection/configs/ssd/ssdlite_ghostnet_320_coco.yml,None",op mapper failed,NONE,NONE,NONE,NONE
"None,/home/build/huzhaoyang/PaddleDetection/configs/ssd/ssdlite_mobilenet_v1_300_coco.yml,None",op mapper failed,NONE,NONE,NONE,NONE
"None,/home/build/huzhaoyang/PaddleDetection/configs/ssd/ssdlite_mobilenet_v3_large_320_coco.yml,None",op mapper failed,NONE,NONE,NONE,NONE
"None,/home/build/huzhaoyang/PaddleDetection/configs/ssd/ssdlite_mobilenet_v3_small_320_coco.yml,https://paddledet.bj.bcebos.com/models/ssdlite_mobilenet_v3_small_320_coco.pdparams",all ops mapped,NONE,NONE,NONE,NONE
"None,/home/build/huzhaoyang/PaddleDetection/configs/ttfnet/_base_/optimizer_10x.yml,None",op mapper failed,NONE,NONE,NONE,NONE
"None,/home/build/huzhaoyang/PaddleDetection/configs/ttfnet/_base_/optimizer_1x.yml,None",op mapper failed,NONE,NONE,NONE,NONE
"None,/home/build/huzhaoyang/PaddleDetection/configs/ttfnet/_base_/optimizer_20x.yml,None",op mapper failed,NONE,NONE,NONE,NONE
"None,/home/build/huzhaoyang/PaddleDetection/configs/ttfnet/_base_/pafnet.yml,None",op mapper failed,NONE,NONE,NONE,NONE
"None,/home/build/huzhaoyang/PaddleDetection/configs/ttfnet/_base_/pafnet_lite.yml,None",op mapper failed,NONE,NONE,NONE,NONE
"None,/home/build/huzhaoyang/PaddleDetection/configs/ttfnet/_base_/pafnet_lite_reader.yml,None",op mapper failed,NONE,NONE,NONE,NONE
"None,/home/build/huzhaoyang/PaddleDetection/configs/ttfnet/_base_/pafnet_reader.yml,None",op mapper failed,NONE,NONE,NONE,NONE
"None,/home/build/huzhaoyang/PaddleDetection/configs/ttfnet/_base_/ttfnet_darknet53.yml,None",op mapper failed,NONE,NONE,NONE,NONE
"None,/home/build/huzhaoyang/PaddleDetection/configs/ttfnet/_base_/ttfnet_reader.yml,None",op mapper failed,NONE,NONE,NONE,NONE
"None,/home/build/huzhaoyang/PaddleDetection/configs/yolov3/_base_/optimizer_270e.yml,None",op mapper failed,NONE,NONE,NONE,NONE
"None,/home/build/huzhaoyang/PaddleDetection/configs/yolov3/_base_/optimizer_40e.yml,None",op mapper failed,NONE,NONE,NONE,NONE
"None,/home/build/huzhaoyang/PaddleDetection/configs/yolov3/_base_/yolov3_darknet53.yml,None",op mapper failed,NONE,NONE,NONE,NONE
"None,/home/build/huzhaoyang/PaddleDetection/configs/yolov3/_base_/yolov3_mobilenet_v1.yml,None",op mapper failed,NONE,NONE,NONE,NONE
"None,/home/build/huzhaoyang/PaddleDetection/configs/yolov3/_base_/yolov3_mobilenet_v3_large.yml,None",op mapper failed,NONE,NONE,NONE,NONE
"None,/home/build/huzhaoyang/PaddleDetection/configs/yolov3/_base_/yolov3_mobilenet_v3_small.yml,None",op mapper failed,NONE,NONE,NONE,NONE
"None,/home/build/huzhaoyang/PaddleDetection/configs/yolov3/_base_/yolov3_r34.yml,None",op mapper failed,NONE,NONE,NONE,NONE
"None,/home/build/huzhaoyang/PaddleDetection/configs/yolov3/_base_/yolov3_r50vd_dcn.yml,None",op mapper failed,NONE,NONE,NONE,NONE
"None,/home/build/huzhaoyang/PaddleDetection/configs/yolov3/_base_/yolov3_reader.yml,None",op mapper failed,NONE,NONE,NONE,NONE
"None,/home/build/huzhaoyang/PaddleDetection/configs/yolov3/yolov3_darknet53_270e_voc.yml,None",op mapper failed,NONE,NONE,NONE,NONE
"None,/home/build/huzhaoyang/PaddleDetection/configs/yolov3/yolov3_darknet53_original_270e_coco.yml,None",op mapper failed,NONE,NONE,NONE,NONE
"None,/home/build/huzhaoyang/PaddleDetection/static/configs/anchor_free/cornernet_squeeze_dcn_r50_vd_fpn.yml,None",op mapper failed,NONE,NONE,NONE,NONE
"None,/home/build/huzhaoyang/PaddleDetection/static/configs/anchor_free/cornernet_squeeze_hg104.yml,None",op mapper failed,NONE,NONE,NONE,NONE
"None,/home/build/huzhaoyang/PaddleDetection/static/configs/anchor_free/cornernet_squeeze_r50_vd_fpn.yml,None",op mapper failed,NONE,NONE,NONE,NONE
"None,/home/build/huzhaoyang/PaddleDetection/static/configs/anchor_free/fcos_dcn_r50_fpn_1x_cutmix.yml,None",op mapper failed,NONE,NONE,NONE,NONE
"None,/home/build/huzhaoyang/PaddleDetection/static/configs/autoaugment/faster_rcnn_r101_vd_fpn_aa_3x.yml,None",op mapper failed,NONE,NONE,NONE,NONE
"None,/home/build/huzhaoyang/PaddleDetection/static/configs/autoaugment/faster_rcnn_r50_vd_fpn_aa_3x.yml,None",op mapper failed,NONE,NONE,NONE,NONE
"None,/home/build/huzhaoyang/PaddleDetection/static/configs/cascade_mask_rcnn_r50_fpn_1x.yml,None",op mapper failed,NONE,NONE,NONE,NONE
"None,/home/build/huzhaoyang/PaddleDetection/static/configs/cascade_rcnn_cls_aware_r101_vd_fpn_1x_softnms.yml,None",op mapper failed,NONE,NONE,NONE,NONE
"None,/home/build/huzhaoyang/PaddleDetection/static/configs/cascade_rcnn_cls_aware_r101_vd_fpn_ms_test.yml,None",op mapper failed,NONE,NONE,NONE,NONE
"None,/home/build/huzhaoyang/PaddleDetection/static/configs/cascade_rcnn_r50_fpn_1x.yml,None",op mapper failed,NONE,NONE,NONE,NONE
"None,/home/build/huzhaoyang/PaddleDetection/static/configs/cascade_rcnn_r50_fpn_1x_ms_test.yml,None",op mapper failed,NONE,NONE,NONE,NONE
"None,/home/build/huzhaoyang/PaddleDetection/static/configs/dcn/cascade_mask_rcnn_dcnv2_se154_vd_fpn_gn_s1x.yml,None",op mapper failed,NONE,NONE,NONE,NONE
"None,/home/build/huzhaoyang/PaddleDetection/static/configs/dcn/cascade_mask_rcnn_dcnv2_se154_vd_fpn_gn_s1x_ms_test.yml,None",op mapper failed,NONE,NONE,NONE,NONE
"None,/home/build/huzhaoyang/PaddleDetection/static/configs/dcn/cascade_rcnn_cbr200_vd_fpn_dcnv2_nonlocal_softnms.yml,None",op mapper failed,NONE,NONE,NONE,NONE
"None,/home/build/huzhaoyang/PaddleDetection/static/configs/dcn/cascade_rcnn_cls_aware_r200_vd_fpn_dcnv2_nonlocal_softnms.yml,None",op mapper failed,NONE,NONE,NONE,NONE
"None,/home/build/huzhaoyang/PaddleDetection/static/configs/dcn/cascade_rcnn_dcn_r101_vd_fpn_1x.yml,None",op mapper failed,NONE,NONE,NONE,NONE
"None,/home/build/huzhaoyang/PaddleDetection/static/configs/dcn/cascade_rcnn_dcn_r50_fpn_1x.yml,None",op mapper failed,NONE,NONE,NONE,NONE
"None,/home/build/huzhaoyang/PaddleDetection/static/configs/dcn/cascade_rcnn_dcn_x101_vd_64x4d_fpn_1x.yml,None",op mapper failed,NONE,NONE,NONE,NONE
"None,/home/build/huzhaoyang/PaddleDetection/static/configs/dcn/faster_rcnn_dcn_r101_vd_fpn_1x.yml,None",op mapper failed,NONE,NONE,NONE,NONE
"None,/home/build/huzhaoyang/PaddleDetection/static/configs/dcn/faster_rcnn_dcn_r50_fpn_1x.yml,None",op mapper failed,NONE,NONE,NONE,NONE
"None,/home/build/huzhaoyang/PaddleDetection/static/configs/dcn/faster_rcnn_dcn_r50_vd_fpn_2x.yml,None",op mapper failed,NONE,NONE,NONE,NONE
"None,/home/build/huzhaoyang/PaddleDetection/static/configs/dcn/faster_rcnn_dcn_x101_vd_64x4d_fpn_1x.yml,None",op mapper failed,NONE,NONE,NONE,NONE
"None,/home/build/huzhaoyang/PaddleDetection/static/configs/dcn/mask_rcnn_dcn_r101_vd_fpn_1x.yml,None",op mapper failed,NONE,NONE,NONE,NONE
"None,/home/build/huzhaoyang/PaddleDetection/static/configs/dcn/mask_rcnn_dcn_r50_fpn_1x.yml,None",op mapper failed,NONE,NONE,NONE,NONE
"None,/home/build/huzhaoyang/PaddleDetection/static/configs/dcn/mask_rcnn_dcn_r50_vd_fpn_2x.yml,None",op mapper failed,NONE,NONE,NONE,NONE
"None,/home/build/huzhaoyang/PaddleDetection/static/configs/dcn/mask_rcnn_dcn_x101_vd_64x4d_fpn_1x.yml,None",op mapper failed,NONE,NONE,NONE,NONE
"None,/home/build/huzhaoyang/PaddleDetection/static/configs/dcn/yolov3_enhance_reader.yml,None",op mapper failed,NONE,NONE,NONE,NONE
"None,/home/build/huzhaoyang/PaddleDetection/static/configs/dcn/yolov3_r50vd_dcn.yml,None",op mapper failed,NONE,NONE,NONE,NONE
"None,/home/build/huzhaoyang/PaddleDetection/static/configs/dcn/yolov3_r50vd_dcn_db_iouloss_obj365_pretrained_coco.yml,None",op mapper failed,NONE,NONE,NONE,NONE
"None,/home/build/huzhaoyang/PaddleDetection/static/configs/dcn/yolov3_r50vd_dcn_db_obj365_pretrained_coco.yml,None",op mapper failed,NONE,NONE,NONE,NONE
"None,/home/build/huzhaoyang/PaddleDetection/static/configs/dcn/yolov3_r50vd_dcn_obj365_pretrained_coco.yml,None",op mapper failed,NONE,NONE,NONE,NONE
"None,/home/build/huzhaoyang/PaddleDetection/static/configs/face_detection/blazeface.yml,None",op mapper failed,NONE,NONE,NONE,NONE
"None,/home/build/huzhaoyang/PaddleDetection/static/configs/face_detection/blazeface_nas.yml,None",op mapper failed,NONE,NONE,NONE,NONE
"None,/home/build/huzhaoyang/PaddleDetection/static/configs/face_detection/blazeface_nas_v2.yml,None",op mapper failed,NONE,NONE,NONE,NONE
"None,/home/build/huzhaoyang/PaddleDetection/static/configs/face_detection/faceboxes.yml,None",op mapper failed,NONE,NONE,NONE,NONE
"None,/home/build/huzhaoyang/PaddleDetection/static/configs/face_detection/faceboxes_lite.yml,None",op mapper failed,NONE,NONE,NONE,NONE
"None,/home/build/huzhaoyang/PaddleDetection/static/configs/faster_fpn_reader.yml,None",op mapper failed,NONE,NONE,NONE,NONE
"None,/home/build/huzhaoyang/PaddleDetection/static/configs/faster_rcnn_cbr101_vd_dual_fpn_1x.yml,None",op mapper failed,NONE,NONE,NONE,NONE
"None,/home/build/huzhaoyang/PaddleDetection/static/configs/faster_rcnn_cbr50_vd_dual_fpn_1x.yml,None",op mapper failed,NONE,NONE,NONE,NONE
"None,/home/build/huzhaoyang/PaddleDetection/static/configs/faster_rcnn_r101_1x.yml,None",op mapper failed,NONE,NONE,NONE,NONE
"None,/home/build/huzhaoyang/PaddleDetection/static/configs/faster_rcnn_r101_fpn_1x.yml,None",op mapper failed,NONE,NONE,NONE,NONE
"None,/home/build/huzhaoyang/PaddleDetection/static/configs/faster_rcnn_r101_fpn_2x.yml,None",op mapper failed,NONE,NONE,NONE,NONE
"None,/home/build/huzhaoyang/PaddleDetection/static/configs/faster_rcnn_r101_vd_fpn_1x.yml,None",op mapper failed,NONE,NONE,NONE,NONE
"None,/home/build/huzhaoyang/PaddleDetection/static/configs/faster_rcnn_r101_vd_fpn_2x.yml,None",op mapper failed,NONE,NONE,NONE,NONE
"None,/home/build/huzhaoyang/PaddleDetection/static/configs/faster_rcnn_r50_1x.yml,None",op mapper failed,NONE,NONE,NONE,NONE
"None,/home/build/huzhaoyang/PaddleDetection/static/configs/faster_rcnn_r50_2x.yml,None",op mapper failed,NONE,NONE,NONE,NONE
"None,/home/build/huzhaoyang/PaddleDetection/static/configs/faster_rcnn_r50_fpn_1x.yml,None",op mapper failed,NONE,NONE,NONE,NONE
"None,/home/build/huzhaoyang/PaddleDetection/static/configs/faster_rcnn_r50_fpn_2x.yml,None",op mapper failed,NONE,NONE,NONE,NONE
"None,/home/build/huzhaoyang/PaddleDetection/static/configs/faster_rcnn_r50_vd_1x.yml,None",op mapper failed,NONE,NONE,NONE,NONE
"None,/home/build/huzhaoyang/PaddleDetection/static/configs/faster_rcnn_r50_vd_fpn_2x.yml,None",op mapper failed,NONE,NONE,NONE,NONE
"None,/home/build/huzhaoyang/PaddleDetection/static/configs/faster_rcnn_r50_vd_fpn_roadsign_kunlun.yml,None",op mapper failed,NONE,NONE,NONE,NONE
"None,/home/build/huzhaoyang/PaddleDetection/static/configs/faster_rcnn_se154_vd_fpn_s1x.yml,None",op mapper failed,NONE,NONE,NONE,NONE
"None,/home/build/huzhaoyang/PaddleDetection/static/configs/faster_rcnn_x101_vd_64x4d_fpn_1x.yml,None",op mapper failed,NONE,NONE,NONE,NONE
"None,/home/build/huzhaoyang/PaddleDetection/static/configs/faster_rcnn_x101_vd_64x4d_fpn_2x.yml,None",op mapper failed,NONE,NONE,NONE,NONE
"None,/home/build/huzhaoyang/PaddleDetection/static/configs/faster_reader.yml,None",op mapper failed,NONE,NONE,NONE,NONE
"None,/home/build/huzhaoyang/PaddleDetection/static/configs/gcnet/mask_rcnn_r50_vd_fpn_gcb_add_r16_2x.yml,None",op mapper failed,NONE,NONE,NONE,NONE
"None,/home/build/huzhaoyang/PaddleDetection/static/configs/gcnet/mask_rcnn_r50_vd_fpn_gcb_mul_r16_2x.yml,None",op mapper failed,NONE,NONE,NONE,NONE
"None,/home/build/huzhaoyang/PaddleDetection/static/configs/gn/cascade_mask_rcnn_r50_fpn_gn_2x.yml,None",op mapper failed,NONE,NONE,NONE,NONE
"None,/home/build/huzhaoyang/PaddleDetection/static/configs/gn/faster_rcnn_r50_fpn_gn_2x.yml,None",op mapper failed,NONE,NONE,NONE,NONE
"None,/home/build/huzhaoyang/PaddleDetection/static/configs/gn/mask_rcnn_r50_fpn_gn_2x.yml,None",op mapper failed,NONE,NONE,NONE,NONE
"None,/home/build/huzhaoyang/PaddleDetection/static/configs/gridmask/faster_rcnn_r50_vd_fpn_gridmask_4x.yml,None",op mapper failed,NONE,NONE,NONE,NONE
"None,/home/build/huzhaoyang/PaddleDetection/static/configs/hrnet/faster_rcnn_hrnetv2p_w18_1x.yml,None",op mapper failed,NONE,NONE,NONE,NONE
"None,/home/build/huzhaoyang/PaddleDetection/static/configs/hrnet/faster_rcnn_hrnetv2p_w18_2x.yml,None",op mapper failed,NONE,NONE,NONE,NONE
"None,/home/build/huzhaoyang/PaddleDetection/static/configs/iou_loss/faster_rcnn_r50_vd_fpn_ciou_loss_1x.yml,None",op mapper failed,NONE,NONE,NONE,NONE
"None,/home/build/huzhaoyang/PaddleDetection/static/configs/iou_loss/faster_rcnn_r50_vd_fpn_diou_loss_1x.yml,None",op mapper failed,NONE,NONE,NONE,NONE
"None,/home/build/huzhaoyang/PaddleDetection/static/configs/iou_loss/faster_rcnn_r50_vd_fpn_giou_loss_1x.yml,None",op mapper failed,NONE,NONE,NONE,NONE
"None,/home/build/huzhaoyang/PaddleDetection/static/configs/libra_rcnn/libra_rcnn_r101_vd_fpn_1x.yml,None",op mapper failed,NONE,NONE,NONE,NONE
"None,/home/build/huzhaoyang/PaddleDetection/static/configs/libra_rcnn/libra_rcnn_r50_vd_fpn_1x.yml,None",op mapper failed,NONE,NONE,NONE,NONE
"None,/home/build/huzhaoyang/PaddleDetection/static/configs/mask_fpn_reader.yml,None",op mapper failed,NONE,NONE,NONE,NONE
"None,/home/build/huzhaoyang/PaddleDetection/static/configs/mask_rcnn_r101_fpn_1x.yml,None",op mapper failed,NONE,NONE,NONE,NONE
"None,/home/build/huzhaoyang/PaddleDetection/static/configs/mask_rcnn_r101_vd_fpn_1x.yml,None",op mapper failed,NONE,NONE,NONE,NONE
"None,/home/build/huzhaoyang/PaddleDetection/static/configs/mask_rcnn_r50_1x.yml,None",op mapper failed,NONE,NONE,NONE,NONE
"None,/home/build/huzhaoyang/PaddleDetection/static/configs/mask_rcnn_r50_1x_cocome_kunlun.yml,None",op mapper failed,NONE,NONE,NONE,NONE
"None,/home/build/huzhaoyang/PaddleDetection/static/configs/mask_rcnn_r50_2x.yml,None",op mapper failed,NONE,NONE,NONE,NONE
"None,/home/build/huzhaoyang/PaddleDetection/static/configs/mask_rcnn_r50_fpn_1x.yml,None",op mapper failed,NONE,NONE,NONE,NONE
"None,/home/build/huzhaoyang/PaddleDetection/static/configs/mask_rcnn_r50_fpn_2x.yml,None",op mapper failed,NONE,NONE,NONE,NONE
"None,/home/build/huzhaoyang/PaddleDetection/static/configs/mask_rcnn_r50_vd_fpn_2x.yml,None",op mapper failed,NONE,NONE,NONE,NONE
"None,/home/build/huzhaoyang/PaddleDetection/static/configs/mask_rcnn_se154_vd_fpn_s1x.yml,None",op mapper failed,NONE,NONE,NONE,NONE
"None,/home/build/huzhaoyang/PaddleDetection/static/configs/mask_rcnn_x101_vd_64x4d_fpn_1x.yml,None",op mapper failed,NONE,NONE,NONE,NONE
"None,/home/build/huzhaoyang/PaddleDetection/static/configs/mask_rcnn_x101_vd_64x4d_fpn_2x.yml,None",op mapper failed,NONE,NONE,NONE,NONE
"None,/home/build/huzhaoyang/PaddleDetection/static/configs/mask_reader.yml,None",op mapper failed,NONE,NONE,NONE,NONE
"None,/home/build/huzhaoyang/PaddleDetection/static/configs/mask_reader_cocome.yml,None",op mapper failed,NONE,NONE,NONE,NONE
"None,/home/build/huzhaoyang/PaddleDetection/static/configs/mobile/cascade_rcnn_mobilenetv3_fpn_320.yml,None",op mapper failed,NONE,NONE,NONE,NONE
"None,/home/build/huzhaoyang/PaddleDetection/static/configs/mobile/cascade_rcnn_mobilenetv3_fpn_640.yml,None",op mapper failed,NONE,NONE,NONE,NONE
"None,/home/build/huzhaoyang/PaddleDetection/static/configs/mobile/yolov3_reader.yml,None",op mapper failed,NONE,NONE,NONE,NONE
"None,/home/build/huzhaoyang/PaddleDetection/static/configs/obj365/cascade_rcnn_cls_aware_r200_vd_fpn_dcnv2_nonlocal_softnms.yml,None",op mapper failed,NONE,NONE,NONE,NONE
"None,/home/build/huzhaoyang/PaddleDetection/static/configs/obj365/cascade_rcnn_dcnv2_se154_vd_fpn_gn_cas.yml,None",op mapper failed,NONE,NONE,NONE,NONE
"None,/home/build/huzhaoyang/PaddleDetection/static/configs/oidv5/cascade_rcnn_cls_aware_r200_vd_fpn_dcnv2_nonlocal_softnms.yml,None",op mapper failed,NONE,NONE,NONE,NONE
"None,/home/build/huzhaoyang/PaddleDetection/static/configs/ppyolo/ppyolo_reader.yml,None",op mapper failed,NONE,NONE,NONE,NONE
"None,/home/build/huzhaoyang/PaddleDetection/static/configs/ppyolo/ppyolo_roadsign_kunlun.yml,None",op mapper failed,NONE,NONE,NONE,NONE
"None,/home/build/huzhaoyang/PaddleDetection/static/configs/ppyolo/ppyolo_test.yml,None",op mapper failed,NONE,NONE,NONE,NONE
"None,/home/build/huzhaoyang/PaddleDetection/static/configs/ppyolo/ppyolov2_reader.yml,None",op mapper failed,NONE,NONE,NONE,NONE
"None,/home/build/huzhaoyang/PaddleDetection/static/configs/rcnn_enhance/cascade_rcnn_dcn_r50_vd_fpn_3x_server_side.yml,None",op mapper failed,NONE,NONE,NONE,NONE
"None,/home/build/huzhaoyang/PaddleDetection/static/configs/rcnn_enhance/faster_rcnn_dcn_r50_vd_fpn_3x_server_side.yml,None",op mapper failed,NONE,NONE,NONE,NONE
"None,/home/build/huzhaoyang/PaddleDetection/static/configs/res2net/faster_rcnn_res2net50_vb_26w_4s_fpn_1x.yml,None",op mapper failed,NONE,NONE,NONE,NONE
"None,/home/build/huzhaoyang/PaddleDetection/static/configs/res2net/mask_rcnn_res2net50_vb_26w_4s_fpn_2x.yml,None",op mapper failed,NONE,NONE,NONE,NONE
"None,/home/build/huzhaoyang/PaddleDetection/static/configs/res2net/mask_rcnn_res2net50_vd_26w_4s_fpn_2x.yml,None",op mapper failed,NONE,NONE,NONE,NONE
"None,/home/build/huzhaoyang/PaddleDetection/static/configs/res2net/mask_rcnn_res2net50_vd_26w_4s_fpn_dcnv2_1x.yml,None",op mapper failed,NONE,NONE,NONE,NONE
"None,/home/build/huzhaoyang/PaddleDetection/static/configs/retinanet_r101_fpn_1x.yml,None",op mapper failed,NONE,NONE,NONE,NONE
"None,/home/build/huzhaoyang/PaddleDetection/static/configs/retinanet_r50_fpn_1x.yml,None",op mapper failed,NONE,NONE,NONE,NONE
"None,/home/build/huzhaoyang/PaddleDetection/static/configs/retinanet_x101_vd_64x4d_fpn_1x.yml,None",op mapper failed,NONE,NONE,NONE,NONE
"None,/home/build/huzhaoyang/PaddleDetection/static/configs/solov2/solov2_light_448_reader.yml,None",op mapper failed,NONE,NONE,NONE,NONE
"None,/home/build/huzhaoyang/PaddleDetection/static/configs/solov2/solov2_light_reader.yml,None",op mapper failed,NONE,NONE,NONE,NONE
"None,/home/build/huzhaoyang/PaddleDetection/static/configs/solov2/solov2_reader.yml,None",op mapper failed,NONE,NONE,NONE,NONE
"None,/home/build/huzhaoyang/PaddleDetection/static/configs/ssd/ssd_mobilenet_v1_roadsign_kunlun.yml,None",op mapper failed,NONE,NONE,NONE,NONE
"None,/home/build/huzhaoyang/PaddleDetection/static/configs/ssd/ssd_mobilenet_v1_voc.yml,None",op mapper failed,NONE,NONE,NONE,NONE
"None,/home/build/huzhaoyang/PaddleDetection/static/configs/ssd/ssd_vgg16_300.yml,None",op mapper failed,NONE,NONE,NONE,NONE
"None,/home/build/huzhaoyang/PaddleDetection/static/configs/ssd/ssd_vgg16_300_voc.yml,None",op mapper failed,NONE,NONE,NONE,NONE
"None,/home/build/huzhaoyang/PaddleDetection/static/configs/ssd/ssd_vgg16_512.yml,None",op mapper failed,NONE,NONE,NONE,NONE
"None,/home/build/huzhaoyang/PaddleDetection/static/configs/ssd/ssd_vgg16_512_voc.yml,None",op mapper failed,NONE,NONE,NONE,NONE
"None,/home/build/huzhaoyang/PaddleDetection/static/configs/yolov3_darknet.yml,None",op mapper failed,NONE,NONE,NONE,NONE
"None,/home/build/huzhaoyang/PaddleDetection/static/configs/yolov3_darknet_roadsign.yml,None",op mapper failed,NONE,NONE,NONE,NONE
"None,/home/build/huzhaoyang/PaddleDetection/static/configs/yolov3_darknet_roadsign_kunlun.yml,None",op mapper failed,NONE,NONE,NONE,NONE
"None,/home/build/huzhaoyang/PaddleDetection/static/configs/yolov3_darknet_voc.yml,None",op mapper failed,NONE,NONE,NONE,NONE
"None,/home/build/huzhaoyang/PaddleDetection/static/configs/yolov3_mobilenet_v1.yml,None",op mapper failed,NONE,NONE,NONE,NONE
"None,/home/build/huzhaoyang/PaddleDetection/static/configs/yolov3_mobilenet_v1_fruit.yml,None",op mapper failed,NONE,NONE,NONE,NONE
"None,/home/build/huzhaoyang/PaddleDetection/static/configs/yolov3_mobilenet_v1_voc.yml,None",op mapper failed,NONE,NONE,NONE,NONE
"None,/home/build/huzhaoyang/PaddleDetection/static/configs/yolov3_r34.yml,None",op mapper failed,NONE,NONE,NONE,NONE
"None,/home/build/huzhaoyang/PaddleDetection/static/configs/yolov3_r34_voc.yml,None",op mapper failed,NONE,NONE,NONE,NONE
"None,/home/build/huzhaoyang/PaddleDetection/static/configs/yolov3_reader.yml,None",op mapper failed,NONE,NONE,NONE,NONE
"None,/home/build/huzhaoyang/PaddleDetection/static/configs/yolov4/yolov4_cspdarknet_coco.yml,None",op mapper failed,NONE,NONE,NONE,NONE
"None,/home/build/huzhaoyang/PaddleDetection/static/demo/infer_cfg.yml,None",op mapper failed,NONE,NONE,NONE,NONE
"None,/home/build/huzhaoyang/PaddleDetection/static/ppdet/data/tests/test.yml,None",op mapper failed,NONE,NONE,NONE,NONE
"None,/home/build/huzhaoyang/PaddleDetection/static/slim/nas/blazeface.yml,None",op mapper failed,NONE,NONE,NONE,NONE
